-- phpMyAdmin SQL Dump
-- version 4.6.6
-- https://www.phpmyadmin.net/
--
-- Host: localhost
-- Generation Time: Aug 10, 2017 at 06:02 PM
-- Server version: 5.5.54-0ubuntu0.14.04.1
-- PHP Version: 5.6.30-1+deb.sury.org~trusty+1

SET SQL_MODE = "NO_AUTO_VALUE_ON_ZERO";
SET time_zone = "+00:00";


/*!40101 SET @OLD_CHARACTER_SET_CLIENT=@@CHARACTER_SET_CLIENT */;
/*!40101 SET @OLD_CHARACTER_SET_RESULTS=@@CHARACTER_SET_RESULTS */;
/*!40101 SET @OLD_COLLATION_CONNECTION=@@COLLATION_CONNECTION */;
/*!40101 SET NAMES utf8 */;

--
-- Database: `mapa`
--

-- --------------------------------------------------------

--
-- Table structure for table `ambitos`
--

CREATE TABLE `ambitos` (
  `id` int(10) UNSIGNED NOT NULL,
  `nombre` varchar(255) COLLATE utf8_unicode_ci NOT NULL,
  `created_at` timestamp NULL DEFAULT NULL,
  `updated_at` timestamp NULL DEFAULT NULL
) ENGINE=InnoDB DEFAULT CHARSET=utf8 COLLATE=utf8_unicode_ci;

--
-- Dumping data for table `ambitos`
--

INSERT INTO `ambitos` (`id`, `nombre`, `created_at`, `updated_at`) VALUES
(1, 'Fundamentos de la Ética y Bioética', NULL, NULL),
(2, 'Bioética al Inicio de la Vida', NULL, NULL),
(3, 'Bioética al Final de la Vida', NULL, NULL),
(4, 'Bioética, Reproducción Humana y Sexualidad', NULL, NULL),
(5, 'Bioética Clínica', NULL, NULL),
(6, 'Bioética y Tecnología', NULL, NULL),
(7, 'Arte, Ética y Bioética', NULL, NULL),
(8, 'Bioética en la Investigación Clínica y Básica', NULL, NULL),
(9, 'Bioética Equidad y Justicia', NULL, NULL),
(10, 'Bioética y Educación', NULL, NULL),
(11, 'Bioética y Medio Ambiente', NULL, NULL),
(12, 'Bioética y la Industria Farmacéutica', NULL, NULL);

-- --------------------------------------------------------

--
-- Table structure for table `areaslic`
--

CREATE TABLE `areaslic` (
  `id` int(10) UNSIGNED NOT NULL,
  `nombreArea` text COLLATE utf8_unicode_ci NOT NULL,
  `acronimo` text COLLATE utf8_unicode_ci NOT NULL,
  `color` text COLLATE utf8_unicode_ci NOT NULL,
  `created_at` timestamp NULL DEFAULT NULL,
  `updated_at` timestamp NULL DEFAULT NULL
) ENGINE=InnoDB DEFAULT CHARSET=utf8 COLLATE=utf8_unicode_ci;

--
-- Dumping data for table `areaslic`
--

INSERT INTO `areaslic` (`id`, `nombreArea`, `acronimo`, `color`, `created_at`, `updated_at`) VALUES
(1, 'Ciencias de la Salud', 'C. DE LA SALUD', '765AA3', NULL, NULL),
(2, 'Ciencias Sociales y Humanidades', 'C. SOCIALES Y HUMANIDADES', '76BBA5', NULL, NULL),
(3, 'Ciencias Económicas', 'C. ECONÓMICAS', 'C37E2B', NULL, NULL),
(4, 'Ciencias Naturales', 'C. NATURALES', 'A5B81E', NULL, NULL),
(5, 'Ciencias Religiosas', 'C. RELIGIOSAS', 'E2C273', NULL, NULL),
(6, 'Ciencias Tecnológicas', 'C. TECNOLÓGICAS', '1F227E', NULL, NULL),
(7, 'Arte y Cultura', 'ARTE Y CULTURA', '7F2338', NULL, NULL),
(8, 'Otra área', 'OTROS', '9F3889', NULL, NULL);

-- --------------------------------------------------------

--
-- Table structure for table `carreras`
--

CREATE TABLE `carreras` (
  `id_carrera` int(255) NOT NULL,
  `id_tooltip_carrera` int(255) NOT NULL,
  `nombre_carrera` varchar(3000) NOT NULL,
  `id_categoria_carrera` int(255) NOT NULL
) ENGINE=InnoDB DEFAULT CHARSET=utf8;

--
-- Dumping data for table `carreras`
--

INSERT INTO `carreras` (`id_carrera`, `id_tooltip_carrera`, `nombre_carrera`, `id_categoria_carrera`) VALUES
(1, 1, 'Médico Cirujano', 1),
(2, 2, 'Psicología', 1),
(3, 3, 'Nutrición', 1),
(4, 4, 'Terapia Física y Rehabilitación', 1),
(5, 5, 'Cirujano Dentista', 1),
(6, 6, 'Biotecnología', 1),
(7, 7, 'Otro de la salud', 1),
(8, 10, 'Lenguas Modernas y Gestión Cultural', 2),
(9, 20, 'Derecho', 2),
(10, 30, 'Comunicación', 2),
(11, 40, 'Diseño Gráfico', 2),
(12, 50, 'Administración Pública y Gobierno', 2),
(13, 60, 'Pedagogía Organizacional y Educativa', 2),
(14, 70, 'Historia', 2),
(15, 80, 'Otro de Ciencias sociales y humanidades', 2),
(16, 100, 'Administración y Dirección de Empresas', 3),
(17, 200, 'Finanzas y Contaduría Pública', 3),
(18, 300, 'Economía', 3),
(19, 400, 'Actuaría', 3),
(20, 500, 'Otro de ciencias económicas', 3),
(21, 1000, 'Ingeniería Ambiental', 4),
(22, 2000, 'Ingeniería Biomédica', 4),
(23, 3000, 'Ingeniería Química', 4),
(24, 4000, 'Geografía', 4),
(25, 5000, 'Física', 4),
(26, 6000, 'Otra de ciencias naturales', 4),
(27, 10000, 'Ciencias Religiosas', 5),
(28, 20000, 'Teología', 5),
(29, 30000, 'Filosofía', 5),
(30, 40000, 'Otra C. Religiosas', 5),
(31, 100000, 'Ingeniería Industrial para la Dirección', 6),
(32, 200000, 'Ingeniería Mecatrónica', 6),
(33, 300000, 'Ingeniería Civil', 6),
(34, 400000, 'Ing. en Sistemas y Tecnologías de Información', 6),
(35, 500000, 'Diseño Industrial', 6),
(36, 600000, 'Otra C. Tecnológicas', 6),
(37, 1000000, 'Artes Visuales', 7),
(38, 2000000, 'Música Contemporánea', 7),
(39, 3000000, 'Teatro y Actuación', 7),
(40, 4000000, 'Fotografía', 7),
(41, 5000000, 'Otros de Arte y cultura', 7),
(42, 10000000, 'Otras C. DE LA SALUD', 8),
(43, 20000000, 'C. SOCIALES Y HUMANIDADES,  C. RELIGIOSAS y ARTE Y CULTURA', 8),
(44, 30000000, 'Otras C. ECONÓMICAS', 8),
(45, 40000000, 'Otras C. TECNOLÓGICAS', 8);

-- --------------------------------------------------------

--
-- Table structure for table `degrees`
--

CREATE TABLE `degrees` (
  `id` int(10) UNSIGNED NOT NULL,
  `id_tooltip_carrera` int(11) NOT NULL,
  `title` varchar(255) COLLATE utf8_unicode_ci NOT NULL,
  `areasLic` int(10) UNSIGNED NOT NULL,
  `color` varchar(255) COLLATE utf8_unicode_ci NOT NULL,
  `mapView` tinyint(1) NOT NULL DEFAULT '0',
  `created_at` timestamp NULL DEFAULT NULL,
  `updated_at` timestamp NULL DEFAULT NULL
) ENGINE=InnoDB DEFAULT CHARSET=utf8 COLLATE=utf8_unicode_ci;

--
-- Dumping data for table `degrees`
--

INSERT INTO `degrees` (`id`, `id_tooltip_carrera`, `title`, `areasLic`, `color`, `mapView`, `created_at`, `updated_at`) VALUES
(1, 1, 'Médico Cirujano', 1, '#563F97', 1, NULL, NULL),
(2, 2, 'Psicología', 1, '#D2BFED', 1, NULL, NULL),
(3, 3, 'Nutrición', 1, '#A999BE', 1, NULL, NULL),
(4, 4, 'Terapia Física y Rehabilitación', 1, '#A781E6', 1, NULL, NULL),
(5, 5, 'Cirujano Dentista', 1, '#7A55B5', 1, NULL, NULL),
(6, 6, 'Dirección y Administración de Instituciones de Salud', 1, '#7776B0', 1, NULL, NULL),
(7, 7, 'Otro de la salud', 1, '#713F96', 1, NULL, NULL),
(8, 10, 'Lenguas Modernas y Gestión Cultural', 2, '#DA8B2E', 1, NULL, NULL),
(9, 20, 'Derecho', 2, '#ce9d63', 1, NULL, NULL),
(10, 30, 'Comunicación', 2, '#CE9D63', 1, NULL, NULL),
(11, 40, 'Diseño Gráfico', 2, '#FC972F', 1, NULL, NULL),
(12, 50, 'Administración Pública y Gobierno', 2, '#F6CD9D', 1, NULL, NULL),
(13, 60, 'Pedagogía Organizacional y Educativa', 2, '#CE7000', 1, NULL, NULL),
(14, 70, 'Historia', 2, '#916E46', 1, NULL, NULL),
(15, 70, 'Moda, Innovación y Tendencia', 2, '', 0, NULL, NULL),
(16, 70, 'Administración Turística', 2, '', 0, NULL, NULL),
(17, 100, 'Dirección de Restaurantes', 2, '#efb67d', 1, NULL, NULL),
(18, 100, 'Dirección y Administración del Deporte', 2, '', 0, NULL, NULL),
(19, 100, 'Dirección Internacional de Hoteles', 2, '', 0, NULL, NULL),
(20, 70, 'Gastronomía', 2, '', 0, NULL, NULL),
(21, 100, 'Dirección de Empresas de Entretenimiento', 2, '', 0, NULL, NULL),
(22, 70, 'Inteligencia Estratégica', 2, '', 0, NULL, NULL),
(23, 100, 'D. en Responsabilidad Social y Desarrollo Sustentable', 2, '', 0, NULL, NULL),
(24, 100, 'Relaciones Internacionales', 2, '', 0, NULL, NULL),
(25, 70, 'Turismo Cultural y Gastronómico', 2, '', 0, NULL, NULL),
(26, 80, 'Otro de Ciencias sociales y humanidades', 2, '#774917', 1, NULL, NULL),
(27, 100, 'Administración y Dirección de Empresas', 3, '#B1063A', 1, NULL, NULL),
(28, 200, 'Finanzas y Contaduría Pública', 3, '#D5446B', 1, NULL, NULL),
(29, 300, 'Economía', 3, '#F71C60', 1, NULL, NULL),
(30, 400, 'Actuaría', 3, '#FA7892', 1, NULL, NULL),
(31, 0, 'Dirección Financiera', 3, '', 0, NULL, NULL),
(32, 0, 'Ingeniería Financiera', 3, '', 0, NULL, NULL),
(33, 0, 'Mercadotecnia Estratégica', 3, '', 0, NULL, NULL),
(34, 0, 'Negocios Internacionales', 3, '', 0, NULL, NULL),
(35, 0, 'Administración de Negocios', 3, '', 0, NULL, NULL),
(36, 100, 'D. Comunicación Mercadológica y Corporativa', 3, '', 0, NULL, NULL),
(37, 0, 'Ingeniería de Negocios', 3, '', 0, NULL, NULL),
(38, 500, 'Otro de ciencias económicas', 3, '#82082D', 1, NULL, NULL),
(39, 1000, 'Ingeniería Ambiental', 4, '#489E43', 1, NULL, NULL),
(40, 2000, 'Ingeniería Biomédica', 4, '#7B9B46', 1, NULL, NULL),
(41, 3000, 'Ingeniería Química', 4, '#A9F5B7', 1, NULL, NULL),
(42, 4000, 'Geografía', 4, '#99CA5D', 1, NULL, NULL),
(43, 5000, 'Física', 4, '#6A946C', 1, NULL, NULL),
(44, 6000, 'Otra de ciencias naturales', 4, '#75D081', 1, NULL, NULL),
(45, 20000, 'Teología', 5, '#E4C656', 1, NULL, NULL),
(46, 30000, 'Filosofía', 5, '#DED3A6', 1, NULL, NULL),
(47, 10000, 'Ciencias Religiosas', 5, '#E2E452', 1, NULL, NULL),
(48, 40000, 'Otra C. Religiosas', 5, '#B59A25', 1, NULL, NULL),
(49, 100000, 'Ing. Industrial para la Dirección', 6, '#32497D', 1, NULL, NULL),
(50, 200000, 'Ingeniería Mecatrónica', 6, '#97B8C6', 1, NULL, NULL),
(51, 300000, 'Ingeniería Civil', 6, '#4D86A1', 1, NULL, NULL),
(52, 400000, 'Ing. en Sistemas y Tecnologías de Información', 6, '#77CCE0', 1, NULL, NULL),
(53, 500000, 'Diseño Industrial', 6, '#28ADC0', 1, NULL, NULL),
(54, 100000, 'Ingeniería de Alimentos', 6, '#97b8c6', 0, NULL, NULL),
(55, 100000, 'Ingeniería Biomédica', 6, '#97b8c6', 0, NULL, NULL),
(56, 400000, 'Diseño Multimedia', 6, '#97b8c6', 0, NULL, NULL),
(57, 100000, 'Arquitectura', 6, '#97b8c6', 0, NULL, NULL),
(58, 600000, 'Otra C. Tecnológicas', 6, '#64A9B9', 1, NULL, NULL),
(59, 1000000, 'Artes Visuales', 7, '#AEA095', 1, NULL, NULL),
(60, 2000000, 'Música Contemporánea', 7, '#C59E8F', 1, NULL, NULL),
(61, 3000000, 'Teatro y Actuación', 7, '#91566A', 1, NULL, NULL),
(62, 4000000, 'Fotografía', 7, '#C68684', 1, NULL, NULL),
(63, 5000000, 'Otros de Arte y cultura', 7, '#7C5A72', 1, NULL, NULL),
(64, 10000000, 'Otras C. DE LA SALUD', 8, '#932C7D', 1, NULL, NULL),
(65, 20000000, 'C. SOCIALES Y HUMANIDADES, C. RELIGIOSAS y ARTE Y...', 8, '#B63089', 1, NULL, NULL),
(66, 30000000, 'Otras C. ECONÓMICAS', 8, '#932C7D', 1, NULL, NULL),
(67, 40000000, 'Otras C. TECNOLÓGICAS', 8, '#F7ACE4', 1, NULL, NULL);

-- --------------------------------------------------------

--
-- Table structure for table `migrations`
--

CREATE TABLE `migrations` (
  `migration` varchar(255) COLLATE utf8_unicode_ci NOT NULL,
  `batch` int(11) NOT NULL
) ENGINE=InnoDB DEFAULT CHARSET=utf8 COLLATE=utf8_unicode_ci;

--
-- Dumping data for table `migrations`
--

INSERT INTO `migrations` (`migration`, `batch`) VALUES
('2014_10_12_000000_create_users_table', 1),
('2014_10_12_100000_create_password_resets_table', 1),
('2016_05_27_203930_add_deleted_to_users_table', 1),
('2017_02_13_165723_create_referentials_table', 1),
('2017_02_13_170209_create_respuestas_table', 1),
('2017_02_13_170210_create_vinculacions_table', 1),
('2017_02_13_170211_create_ambitos_table', 1),
('2017_02_14_024154_create_vinculacions_ambitos_table', 1),
('2017_02_14_041059_areasLic', 1),
('2017_02_26_032715_add_deleted_vinculacions_table', 1),
('2017_06_22_144420_create_registris_table', 2),
('2017_07_18_175555_create_degrees_table', 3);

-- --------------------------------------------------------

--
-- Table structure for table `password_resets`
--

CREATE TABLE `password_resets` (
  `email` varchar(255) COLLATE utf8_unicode_ci NOT NULL,
  `token` varchar(255) COLLATE utf8_unicode_ci NOT NULL,
  `created_at` timestamp NOT NULL DEFAULT CURRENT_TIMESTAMP ON UPDATE CURRENT_TIMESTAMP
) ENGINE=InnoDB DEFAULT CHARSET=utf8 COLLATE=utf8_unicode_ci;

-- --------------------------------------------------------

--
-- Table structure for table `referentials`
--

CREATE TABLE `referentials` (
  `id` int(10) UNSIGNED NOT NULL,
  `descripcion` varchar(255) COLLATE utf8_unicode_ci NOT NULL,
  `identificador` varchar(255) COLLATE utf8_unicode_ci NOT NULL,
  `created_at` timestamp NULL DEFAULT NULL,
  `updated_at` timestamp NULL DEFAULT NULL
) ENGINE=InnoDB DEFAULT CHARSET=utf8 COLLATE=utf8_unicode_ci;

--
-- Dumping data for table `referentials`
--

INSERT INTO `referentials` (`id`, `descripcion`, `identificador`, `created_at`, `updated_at`) VALUES
(1, 'SuperAdmin', 'perfil', NULL, NULL),
(2, 'Alumno', 'perfil', NULL, NULL),
(3, 'Profesor', 'perfil', NULL, NULL),
(4, 'Egresado', 'perfil', NULL, NULL),
(5, 'Incompleta', 'statusF', NULL, NULL),
(6, 'Completa', 'statusF', NULL, NULL),
(7, 'Titulado', 'statusF', NULL, NULL),
(8, 'Activo', 'statusL', NULL, NULL),
(9, 'Inactivo', 'statusL', NULL, NULL),
(10, 'Inexistente', 'statusL', NULL, NULL),
(11, 'Gestión', 'ambito', NULL, NULL),
(12, 'Docencia', 'ambito', NULL, NULL),
(13, 'Investigación', 'ambito', NULL, NULL);

-- --------------------------------------------------------

--
-- Table structure for table `registris`
--

CREATE TABLE `registris` (
  `id` int(10) UNSIGNED NOT NULL,
  `action` text COLLATE utf8_unicode_ci NOT NULL,
  `author` int(10) UNSIGNED NOT NULL,
  `addressee` int(10) UNSIGNED NOT NULL,
  `created_at` timestamp NULL DEFAULT NULL,
  `updated_at` timestamp NULL DEFAULT NULL
) ENGINE=InnoDB DEFAULT CHARSET=utf8 COLLATE=utf8_unicode_ci;

--
-- Dumping data for table `registris`
--

INSERT INTO `registris` (`id`, `action`, `author`, `addressee`, `created_at`, `updated_at`) VALUES
(1, 'aceptado', 1, 1, '2017-08-06 05:37:12', '2017-08-06 05:37:12'),
(2, 'actualizacion', 1, 1, '2017-08-06 06:03:35', '2017-08-06 06:03:35'),
(3, 'aceptado', 1, 2, '2017-08-06 07:27:58', '2017-08-06 07:27:58'),
(4, 'actualizacion', 1, 5, '2017-08-08 22:24:26', '2017-08-08 22:24:26'),
(5, 'aceptado', 1, 5, '2017-08-08 22:24:37', '2017-08-08 22:24:37'),
(6, 'actualizacion', 1, 6, '2017-08-08 22:31:48', '2017-08-08 22:31:48'),
(7, 'aceptado', 1, 6, '2017-08-08 22:31:59', '2017-08-08 22:31:59'),
(8, 'actualizacion', 1, 7, '2017-08-08 22:43:56', '2017-08-08 22:43:56'),
(9, 'aceptado', 1, 7, '2017-08-08 22:44:16', '2017-08-08 22:44:16'),
(10, 'actualizacion', 1, 9, '2017-08-08 22:57:39', '2017-08-08 22:57:39'),
(11, 'aceptado', 1, 9, '2017-08-08 22:57:52', '2017-08-08 22:57:52'),
(12, 'aceptado', 1, 10, '2017-08-08 23:03:09', '2017-08-08 23:03:09'),
(13, 'aceptado', 1, 12, '2017-08-08 23:07:20', '2017-08-08 23:07:20'),
(14, 'aceptado', 1, 14, '2017-08-08 23:11:26', '2017-08-08 23:11:26'),
(15, 'aceptado', 1, 16, '2017-08-08 23:16:55', '2017-08-08 23:16:55'),
(16, 'actualizacion', 1, 17, '2017-08-09 03:15:10', '2017-08-09 03:15:10'),
(17, 'aceptado', 1, 17, '2017-08-09 03:15:23', '2017-08-09 03:15:23'),
(18, 'actualizacion', 1, 19, '2017-08-09 03:21:40', '2017-08-09 03:21:40'),
(19, 'aceptado', 1, 19, '2017-08-09 03:21:52', '2017-08-09 03:21:52'),
(20, 'aceptado', 1, 21, '2017-08-09 03:27:09', '2017-08-09 03:27:09'),
(21, 'aceptado', 1, 23, '2017-08-09 03:31:08', '2017-08-09 03:31:08'),
(22, 'aceptado', 1, 24, '2017-08-09 03:35:23', '2017-08-09 03:35:23'),
(23, 'aceptado', 1, 25, '2017-08-09 03:38:17', '2017-08-09 03:38:17'),
(24, 'aceptado', 1, 27, '2017-08-09 03:43:49', '2017-08-09 03:43:49'),
(25, 'aceptado', 1, 28, '2017-08-09 03:47:02', '2017-08-09 03:47:02'),
(26, 'aceptado', 1, 30, '2017-08-09 03:51:31', '2017-08-09 03:51:31'),
(27, 'aceptado', 1, 31, '2017-08-09 03:54:36', '2017-08-09 03:54:36'),
(28, 'aceptado', 1, 33, '2017-08-09 03:58:07', '2017-08-09 03:58:07'),
(29, 'aceptado', 1, 35, '2017-08-09 04:52:22', '2017-08-09 04:52:22'),
(30, 'aceptado', 1, 37, '2017-08-09 21:03:30', '2017-08-09 21:03:30'),
(31, 'aceptado', 1, 40, '2017-08-09 21:08:28', '2017-08-09 21:08:28'),
(32, 'aceptado', 1, 42, '2017-08-09 21:49:18', '2017-08-09 21:49:18'),
(33, 'aceptado', 1, 44, '2017-08-09 21:54:16', '2017-08-09 21:54:16'),
(34, 'aceptado', 1, 46, '2017-08-09 21:59:11', '2017-08-09 21:59:11'),
(35, 'aceptado', 1, 48, '2017-08-09 22:03:03', '2017-08-09 22:03:03'),
(36, 'aceptado', 1, 50, '2017-08-09 22:06:52', '2017-08-09 22:06:52'),
(37, 'aceptado', 1, 52, '2017-08-09 22:10:51', '2017-08-09 22:10:51'),
(38, 'aceptado', 1, 53, '2017-08-09 22:14:29', '2017-08-09 22:14:29'),
(39, 'aceptado', 1, 55, '2017-08-09 22:18:36', '2017-08-09 22:18:36'),
(40, 'aceptado', 1, 57, '2017-08-09 22:30:59', '2017-08-09 22:30:59'),
(41, 'aceptado', 1, 58, '2017-08-09 22:34:48', '2017-08-09 22:34:48'),
(42, 'aceptado', 1, 60, '2017-08-09 22:37:38', '2017-08-09 22:37:38'),
(43, 'aceptado', 1, 62, '2017-08-09 22:40:31', '2017-08-09 22:40:31'),
(44, 'aceptado', 1, 64, '2017-08-09 22:44:54', '2017-08-09 22:44:54'),
(45, 'aceptado', 1, 65, '2017-08-09 22:48:03', '2017-08-09 22:48:03'),
(46, 'aceptado', 1, 67, '2017-08-09 22:52:12', '2017-08-09 22:52:12'),
(47, 'aceptado', 1, 68, '2017-08-09 22:55:38', '2017-08-09 22:55:38'),
(48, 'aceptado', 1, 70, '2017-08-09 22:58:29', '2017-08-09 22:58:29'),
(49, 'aceptado', 1, 72, '2017-08-09 23:02:43', '2017-08-09 23:02:43'),
(50, 'aceptado', 1, 73, '2017-08-09 23:07:12', '2017-08-09 23:07:12'),
(51, 'aceptado', 1, 74, '2017-08-09 23:10:13', '2017-08-09 23:10:13'),
(52, 'aceptado', 1, 75, '2017-08-09 23:13:27', '2017-08-09 23:13:27'),
(53, 'aceptado', 1, 76, '2017-08-09 23:16:23', '2017-08-09 23:16:23'),
(54, 'aceptado', 1, 78, '2017-08-09 23:19:15', '2017-08-09 23:19:15'),
(55, 'aceptado', 1, 80, '2017-08-09 23:22:08', '2017-08-09 23:22:08'),
(56, 'aceptado', 1, 82, '2017-08-10 01:24:41', '2017-08-10 01:24:41'),
(57, 'aceptado', 1, 83, '2017-08-10 01:30:33', '2017-08-10 01:30:33'),
(58, 'aceptado', 1, 85, '2017-08-10 01:35:56', '2017-08-10 01:35:56'),
(59, 'aceptado', 1, 86, '2017-08-10 01:38:36', '2017-08-10 01:38:36'),
(60, 'aceptado', 1, 87, '2017-08-10 23:19:00', '2017-08-10 23:19:00'),
(61, 'aceptado', 1, 89, '2017-08-10 23:25:53', '2017-08-10 23:25:53'),
(62, 'aceptado', 1, 91, '2017-08-10 23:36:32', '2017-08-10 23:36:32'),
(63, 'aceptado', 1, 92, '2017-08-10 23:49:27', '2017-08-10 23:49:27'),
(64, 'aceptado', 1, 94, '2017-08-11 01:52:01', '2017-08-11 01:52:01'),
(65, 'aceptado', 1, 96, '2017-08-11 01:59:03', '2017-08-11 01:59:03');

-- --------------------------------------------------------

--
-- Table structure for table `respuestas`
--

CREATE TABLE `respuestas` (
  `id` int(10) UNSIGNED NOT NULL,
  `respuesta1` varchar(255) COLLATE utf8_unicode_ci DEFAULT NULL,
  `respuesta2` varchar(255) COLLATE utf8_unicode_ci DEFAULT NULL,
  `respuesta3` varchar(255) COLLATE utf8_unicode_ci DEFAULT NULL,
  `created_at` timestamp NULL DEFAULT NULL,
  `updated_at` timestamp NULL DEFAULT NULL
) ENGINE=InnoDB DEFAULT CHARSET=utf8 COLLATE=utf8_unicode_ci;

--
-- Dumping data for table `respuestas`
--

INSERT INTO `respuestas` (`id`, `respuesta1`, `respuesta2`, `respuesta3`, `created_at`, `updated_at`) VALUES
(1, '', '', '', NULL, NULL),
(2, '', '', '', NULL, NULL),
(3, 'Programador', 'MYSQL,POSTGRES', 'JQUERY, AJAX, LARAVEL,PHP', NULL, NULL),
(4, '', '', '', NULL, NULL),
(7, 'Cambios en la percepción de la identidad de la persona humana', ' pertinencia de las publicaciones en bioética ', 'principios de la bioética personalista', NULL, NULL),
(8, 'Fundamentos de la Bioética ', 'Bioética al Final de la Vida', 'Bioética al Final de la Vida', NULL, NULL),
(9, 'Cambios en la percepción de la identidad de la persona humana pertinencia de las publicaciones en bioética principios de la bioética personalista', '', '', NULL, NULL),
(10, 'Docencia en Temas selectos de Bioética', '', '', NULL, NULL),
(11, '', '', '', NULL, NULL),
(12, 'Docencia en doctorado en Bioética Análisis e Interpretación de Datos Estadísticos', ',seminarios de proyecto de Investigación', '', NULL, NULL),
(13, 'Consultoría en Bioética Clínica. CBA Consultoría en Bioética Aplicada', '', '', NULL, NULL),
(14, 'Docencia a niveles licenciatura,maestría y doctorado.', '', '', NULL, NULL),
(15, 'Consultoría en Bioética Clínica. CBA Consultoría en Bioética Aplicada', '', '', NULL, NULL),
(16, 'Docencia a niveles licenciatura,maestría y doctorado.', '', '', NULL, NULL),
(17, 'Proyecto \"Mapa de Conocimiento y Vinculación de Egresado de la Facultad de Bioética de la Universidad Anáhuac México Norte\" en Universidad Anáhuac México Norte', '', '', NULL, NULL),
(18, 'Clases de Ética y Bioética en Pregrado en Universidad Anáhuac Sur', '', '', NULL, NULL),
(19, '', '', '', NULL, NULL),
(20, 'Profecor de Química Anahuac sur', '', '', NULL, NULL),
(21, '', '', '', NULL, NULL),
(22, 'Profecor de Química Anahuac sur', '', '', NULL, NULL),
(23, 'Proyecto de bioética clinica', '', '', NULL, NULL),
(24, '', '', '', NULL, NULL),
(25, 'Proyecto de bioética clinica', '', '', NULL, NULL),
(26, '', '', '', NULL, NULL),
(27, 'Proyecto de bioética, Reproducción Humana y Sexualidad ', '', '', NULL, NULL),
(28, 'Profesor de anuncios II anáhuac sur', '', '', NULL, NULL),
(29, 'Proyecto de bioética, Reproducción Humana y Sexualidad ', '', '', NULL, NULL),
(30, 'Profesor de anuncios II anáhuac sur', '', '', NULL, NULL),
(31, '', '', '', NULL, NULL),
(32, 'Profesor de Ciencias computacinales II', '', '', NULL, NULL),
(33, 'Elaboración de un proyecto de NOM.', '', '', NULL, NULL),
(34, '', '', '', NULL, NULL),
(35, 'Elaboración de un proyecto de NOM.', '', '', NULL, NULL),
(36, '', '', '', NULL, NULL),
(37, 'Elaboración de un proyecto de NOM.', '', '', NULL, NULL),
(38, 'Profesora de pensamiento critico campus sur', '', '', NULL, NULL),
(39, 'Elaboración de un proyecto de NOM.', '', '', NULL, NULL),
(40, 'Profesora de pensamiento critico campus sur', '', '', NULL, NULL),
(41, 'Temas actuales de bioética, comités de bioética ética y bioética ética en la salud universidad Anáhuac sur', '', '', NULL, NULL),
(42, 'Lenguaje y consentimiento informado', '', '', NULL, NULL),
(43, 'Temas actuales de bioética, comités de bioética ética y bioética ética en la salud universidad Anáhuac sur', '', '', NULL, NULL),
(44, 'Lenguaje y consentimiento informado', '', '', NULL, NULL),
(45, 'Lenguaje y consentimiento informado', '', '', NULL, NULL),
(46, 'Temas actuales de bioética, comités de bioética ética y bioética ética en la salud universidad Anáhuac sur', '', '', NULL, NULL),
(47, 'Elaboración de un proyecto de NOM.', '', '', NULL, NULL),
(48, 'Temas actuales de bioética, comités de bioética ética y bioética ética en la salud universidad Anáhuac sur', '', '', NULL, NULL),
(49, '', '', '', NULL, NULL),
(50, 'Temas actuales de bioética, comités de bioética ética y bioética ética en la salud universidad Anáhuac sur', '', '', NULL, NULL),
(51, '', '', '', NULL, NULL),
(52, 'Temas actuales de bioética, comités de bioética ética y bioética ética en la salud universidad Anáhuac sur', '', '', NULL, NULL),
(53, '', '', '', NULL, NULL),
(54, 'Temas actuales de bioética, comités de bioética ética y bioética ética en la salud universidad Anáhuac sur', '', '', NULL, NULL),
(55, 'Elaboración de un proyecto de NOM.', '', '', NULL, NULL),
(56, 'Dercho II campus sur', '', '', NULL, NULL),
(57, 'Elaboración de un proyecto de NOM.', '', '', NULL, NULL),
(58, 'Dercho II campus sur', '', '', NULL, NULL),
(59, 'Guia para la construccion del campus', '', '', NULL, NULL),
(60, 'Profesor de ciencias sociales campus sur', '', '', NULL, NULL),
(61, '', '', '', NULL, NULL),
(62, '', '', '', NULL, NULL),
(63, '', '', '', NULL, NULL),
(64, '', '', '', NULL, NULL),
(65, '', '', '', NULL, NULL),
(66, 'Profesor de historia naturales III campus sur', '', '', NULL, NULL),
(67, '', '', '', NULL, NULL),
(68, 'Profesor de historia naturales III campus sur', '', '', NULL, NULL),
(69, '', '', '', NULL, NULL),
(70, '', '', '', NULL, NULL),
(71, '', '', '', NULL, NULL),
(72, '', '', '', NULL, NULL),
(75, 'Trabajo en el campus sur', '', '', NULL, NULL),
(76, '', '', '', NULL, NULL),
(77, 'Trabajo en el campus sur', '', '', NULL, NULL),
(78, '', '', '', NULL, NULL),
(81, '', '', '', NULL, NULL),
(82, '', '', '', NULL, NULL),
(83, '', '', '', NULL, NULL),
(84, '', '', '', NULL, NULL),
(85, '', '', '', NULL, NULL),
(86, '', '', '', NULL, NULL),
(87, '', '', '', NULL, NULL),
(88, 'Profesora de finanzas avanzadas campus sur', '', '', NULL, NULL),
(89, '', '', '', NULL, NULL),
(90, 'Profesora de finanzas avanzadas campus sur', '', '', NULL, NULL),
(91, 'Laboro en la facultad campus sur', '', '', NULL, NULL),
(92, '', '', '', NULL, NULL),
(93, 'Laboro en la facultad campus sur', '', '', NULL, NULL),
(94, '', '', '', NULL, NULL),
(95, 'Proyecto de finazas ', '', '', NULL, NULL),
(96, '', '', '', NULL, NULL),
(97, 'Proyecto de finazas ', '', '', NULL, NULL),
(98, '', '', '', NULL, NULL),
(99, '', '', '', NULL, NULL),
(100, 'Profesor de licienciatura capus sur', '', '', NULL, NULL),
(101, '', '', '', NULL, NULL),
(102, 'Profesor de licienciatura capus sur', '', '', NULL, NULL),
(103, 'Proyecto de recaudación ', '', '', NULL, NULL),
(104, 'Profesor de Ciencias en 2009 campus sur', '', '', NULL, NULL),
(105, 'Laboro en proyecto de ciencias campus sur', '', '', NULL, NULL),
(106, '', '', '', NULL, NULL),
(107, 'Laboro en proyecto de ciencias campus sur', '', '', NULL, NULL),
(108, '', '', '', NULL, NULL),
(109, 'Proyectos de bioética', '', '', NULL, NULL),
(110, '', '', '', NULL, NULL),
(111, 'Proyectos de bioética', '', '', NULL, NULL),
(112, '', '', '', NULL, NULL),
(113, 'Proyecto de bioetica al inicio', '', '', NULL, NULL),
(114, '', '', '', NULL, NULL),
(115, 'Textos sagrados', '', '', NULL, NULL),
(116, 'Docencia en pensamiento critico', '', '', NULL, NULL),
(117, 'Textos sagrados', '', '', NULL, NULL),
(118, 'Docencia en pensamiento critico', '', '', NULL, NULL),
(119, '', '', '', NULL, NULL),
(120, '', '', '', NULL, NULL),
(121, '', '', '', NULL, NULL),
(122, '', '', '', NULL, NULL),
(123, '', '', '', NULL, NULL),
(124, 'Docencia en bioética en capus sur', '', '', NULL, NULL),
(125, '', '', '', NULL, NULL),
(126, 'Docencia en bioética en capus sur', '', '', NULL, NULL),
(127, 'Proyectos de arte, Ética y Bioética ', '', '', NULL, NULL),
(128, '', '', '', NULL, NULL),
(129, 'Proyecto Bioética al Final de la Vida ', '', '', NULL, NULL),
(130, '', '', '', NULL, NULL),
(131, 'Proyecto Bioética al Final de la Vida ', '', '', NULL, NULL),
(132, '', '', '', NULL, NULL),
(133, 'Presidente ', '', '', NULL, NULL),
(134, '', '', '', NULL, NULL),
(135, 'Proyecto de Bioética Equidad y Justicia ', '', '', NULL, NULL),
(136, '', '', '', NULL, NULL),
(137, 'Proyecto de Bioética Equidad y Justicia ', '', '', NULL, NULL),
(138, '', '', '', NULL, NULL),
(139, 'Sin proyectos temporalmente', '', '', NULL, NULL),
(140, '', '', '', NULL, NULL),
(141, 'Sin proyectos temporalmente', '', '', NULL, NULL),
(142, '', '', '', NULL, NULL),
(143, 'Analizis de la mona lisa', '', '', NULL, NULL),
(144, '', '', '', NULL, NULL),
(145, 'ewrewr', '', '', NULL, NULL),
(146, '', '', '', NULL, NULL),
(147, '', '', '', NULL, NULL),
(148, '', '', '', NULL, NULL),
(149, 'Cantos Gregorianos', '', '', NULL, NULL),
(150, '', '', '', NULL, NULL),
(151, 'Laboro en la facultad', '', '', NULL, NULL),
(152, '', '', '', NULL, NULL),
(153, 'Laboro en la facultad', '', '', NULL, NULL),
(154, '', '', '', NULL, NULL),
(155, 'Bioética Equidad y Justicia ', '', '', NULL, NULL),
(156, '', '', '', NULL, NULL),
(157, 'Bioética Equidad y Justicia ', '', '', NULL, NULL),
(158, '', '', '', NULL, NULL),
(159, 'Proyecto de Bioética y Educación ', '', '', NULL, NULL),
(160, '', '', '', NULL, NULL),
(161, 'Proyecto de Bioética y Educación ', '', '', NULL, NULL),
(162, '', '', '', NULL, NULL),
(167, 'Elaboración de un proyecto de NOM.', '', '', NULL, NULL),
(168, 'Curso \"Medicina Humanista\" de la Universidad Pontificia, área de Bioética', '', '', NULL, NULL),
(169, 'Trabajo de planta en la Facultad de Bioética', '', '', NULL, NULL),
(170, 'Profesor de la Maestría en Bioética y profesor de los programas de extensión de la Faucltad', '', '', NULL, NULL),
(171, '', '', '', NULL, NULL),
(172, '', '', '', NULL, NULL),
(173, 'Proyecto de bioetica ', '', '', NULL, NULL),
(174, '', '', '', NULL, NULL),
(175, 'Proyecto de bioetica ', '', '', NULL, NULL),
(176, '', '', '', NULL, NULL),
(177, 'Proyeto de bioetica', '', '', NULL, NULL),
(178, '', '', '', NULL, NULL),
(179, 'Proyeto de bioetica', '', '', NULL, NULL),
(180, '', '', '', NULL, NULL),
(181, '', '', '', NULL, NULL),
(182, 'Docencia en licenciatura', '', '', NULL, NULL),
(183, 'Proyectos  nom', '', '', NULL, NULL),
(184, '', '', '', NULL, NULL),
(185, 'Proyectos  nom', '', '', NULL, NULL),
(186, '', '', '', NULL, NULL),
(187, 'Elaboración de un proyecto de NOM.', '', '', NULL, NULL),
(188, 'Curso \"Medicina Humanista\" de la Universidad Pontificia, área de Bioética', '', '', NULL, NULL),
(189, 'Elaboración de un proyecto de NOM.', '', '', NULL, NULL),
(190, 'Curso \"Medicina Humanista\" de la Universidad Pontificia, área de Bioética', '', '', NULL, NULL),
(191, '', '', '', NULL, NULL),
(192, '', '', '', NULL, NULL),
(193, '', '', '', NULL, NULL),
(194, '', '', '', NULL, NULL);

-- --------------------------------------------------------

--
-- Table structure for table `users`
--

CREATE TABLE `users` (
  `id` int(10) UNSIGNED NOT NULL,
  `name` varchar(255) COLLATE utf8_unicode_ci NOT NULL,
  `email` varchar(255) COLLATE utf8_unicode_ci NOT NULL,
  `perfil_id` int(11) NOT NULL,
  `id_vinculacion` int(11) DEFAULT NULL,
  `status` tinyint(1) NOT NULL,
  `password` varchar(255) COLLATE utf8_unicode_ci NOT NULL,
  `codigo` varchar(8) COLLATE utf8_unicode_ci DEFAULT NULL,
  `remember_token` varchar(100) COLLATE utf8_unicode_ci DEFAULT NULL,
  `created_at` timestamp NULL DEFAULT NULL,
  `updated_at` timestamp NULL DEFAULT NULL,
  `deleted_at` timestamp NULL DEFAULT NULL
) ENGINE=InnoDB DEFAULT CHARSET=utf8 COLLATE=utf8_unicode_ci;

--
-- Dumping data for table `users`
--

INSERT INTO `users` (`id`, `name`, `email`, `perfil_id`, `id_vinculacion`, `status`, `password`, `codigo`, `remember_token`, `created_at`, `updated_at`, `deleted_at`) VALUES
(1, 'SuperAdmin', 'demo@gmail.com', 1, NULL, 8, '$2y$10$VyyeMhuSxyB96E.g.x6xn.TOmXVYxXn1gqShyC3WdD4vkhhkGyOzC', NULL, 'ablT12IQ573wsqCK2MCVkSm011OIExScrP09IMkUcss0cmH2kXYZPVkV3ZpS', NULL, '2017-08-09 01:59:37', NULL),
(2, 'Yoryanie Barrientos', 'yoryaniefaneite@gmail.com', 4, 1, 8, '$2y$10$WhzVV0pe/HdNfD3KtBuYneIZmby/2XbTvkwZs2lmO/N5fX5l5aNoS', NULL, NULL, '2017-08-06 05:37:12', '2017-08-06 05:37:12', NULL),
(3, 'Keiver Faneite', 'faneitekeiver@gmail.com', 4, 2, 8, '$2y$10$cQwygyxrH/.S3FUEhPsBI.3h93vPQrT2uIL0K6nJJY2bO7bADhtH.', NULL, NULL, '2017-08-06 07:27:58', '2017-08-06 07:27:58', NULL),
(4, 'Martha Tarasco Michel', 'mtarascos@anahuac.mx', 3, 5, 8, '$2y$10$lqqZbM/u6.hacP/qK5sTtu1OWlgZ4vWpsd73tJA.GkRueIs48tuWC', NULL, NULL, '2017-08-08 22:24:37', '2017-08-08 22:24:37', NULL),
(5, 'Felipe de Jesús Vargas Mota', 'felipe.varga@anahuac.mx', 3, 6, 8, '$2y$10$.bL.79NkRFCVtu3iMM18.evUubQ6.K0ncgGsNk59DUjUC8O68uB9u', NULL, NULL, '2017-08-08 22:31:59', '2017-08-08 22:31:59', NULL),
(6, 'Ma. Elizabeth de los Rios Uriarte', 'marieli828@hotmail.com', 2, 7, 8, '$2y$10$QtZlzGo/zG60.VScW9EB4uJDE.2Ve6nZ0LPKrwFh0pJyO6eK/sgba', NULL, NULL, '2017-08-08 22:44:16', '2017-08-08 22:44:16', NULL),
(7, 'Mariel Kalkach Aparicio', 'mariel214@gmaila.com', 3, 9, 8, '$2y$10$hOsBFR3HTmt6ML8Iem1K9uGenZSm4y1MtcNneCfXzfSiIxiqDxAmq', NULL, NULL, '2017-08-08 22:57:52', '2017-08-08 22:57:52', NULL),
(8, 'José Carlos Pintado Serrin', 'carolos@quimail.com', 3, 10, 8, '$2y$10$8JG1QCGqFtYhmGg3gOv3TO2P0Zl7n3JrQf4hRwWtpbKYScZ.tIwZG', NULL, NULL, '2017-08-08 23:03:09', '2017-08-08 23:03:09', NULL),
(9, 'Jorge Ortiz Piñata', 'pinata@ggole.com', 2, 12, 8, '$2y$10$cu/jgrTuT8uRw5wxI/wxoeaLHd77jZ9S2v0XFchU3aecC2bhqnCIq', NULL, NULL, '2017-08-08 23:07:20', '2017-08-08 23:07:20', NULL),
(10, 'Elmer Bolaños Ruiz', 'elmerb@ggale.com', 3, 14, 8, '$2y$10$/VQz8lFjLNnaxLfjZ8ISE.buBsB6IfD8k7cVJZd0465NpRBm3c2rK', NULL, NULL, '2017-08-08 23:11:26', '2017-08-08 23:11:26', NULL),
(11, 'Juaquin Lopez Dominico', 'sanchopanza4@gmailk.com', 2, 16, 8, '$2y$10$8hCvM.8EVNNPsNdAE46/bO5Ji6mnCtPKyZxm1ff399mIm10gpvwT6', NULL, NULL, '2017-08-08 23:16:55', '2017-08-08 23:16:55', NULL),
(12, 'Ángel Acebes Tejerina ', 'angel@hotmaill.com', 2, 17, 8, '$2y$10$af5SsyDBk/79Q8.hwN3mb.MXmqFAgIWTJcHuAzWeQun9H59oNjbRC', NULL, NULL, '2017-08-09 03:15:23', '2017-08-09 03:15:23', NULL),
(13, 'Esperanza Aguirre Arena', 'esperanza@hotmaill.com', 3, 19, 8, '$2y$10$SueMs8ih.0Qs8.TqrpXpjufuxfIYW3lGSPzbFttEiApfACNyeJarq', NULL, NULL, '2017-08-09 03:21:52', '2017-08-09 03:21:52', NULL),
(14, 'Alfonso Alonso Adame ', 'alonsofo@hotmaill.com', 2, 21, 8, '$2y$10$7igN/0gYceFtlk7z4sx7Suff4DZyuWHqNJiZaDff9BG8aL9AUG0zS', NULL, NULL, '2017-08-09 03:27:09', '2017-08-09 03:27:09', NULL),
(15, 'Francisco Álvarez Cascos', 'froan@hotmaill.com', 2, 23, 8, '$2y$10$XR/9Eb862VmogBq0rMNLQOpMitkqgtzE2IZTRbTQ./YCRRaA76IUy', NULL, NULL, '2017-08-09 03:31:08', '2017-08-09 03:31:08', NULL),
(16, 'Juan Carlos Aparicio Arenas', 'juan23@hotmaiil.com', 3, 24, 8, '$2y$10$iw89cNfbX/9B/J1QZjBLq.2hHDQ7eEvwfvcvbSr7ZnqJJy7n.Dw4W', NULL, NULL, '2017-08-09 03:35:23', '2017-08-09 03:35:23', NULL),
(17, 'Javier Arenas Cañade', 'hapier@hotmaill.com', 2, 25, 8, '$2y$10$zKtzSl6XA4v5MLOqT9/Opu4uh1yvRz7BPDHw4e/AlGvwl/T0kObOu', NULL, NULL, '2017-08-09 03:38:17', '2017-08-09 03:38:17', NULL),
(18, 'Miguel Arias Cañete', 'mfontana@hotmaill.com', 3, 27, 8, '$2y$10$EWyrm61ATH1v99JfwMnh4eHpdjNhd/aVKhQmlOZblnskKnRUCkP0u', NULL, NULL, '2017-08-09 03:43:49', '2017-08-09 03:43:49', NULL),
(19, 'Rafael Arias Salgado', 'rafaderecho@hotmaill.com', 2, 28, 8, '$2y$10$mdkMEqGcQm41OaBOTFRiT.9JmkgIS.7pr75mOc2gwKSOEWm4hEi/G', NULL, NULL, '2017-08-09 03:47:02', '2017-08-09 03:47:02', NULL),
(20, 'Isabel García Tejerina', 'isama@gmail.com', 4, 30, 8, '$2y$10$jqaoHy68B3hiK2SNx.BZ.OfMuwVALZVK1iHdIFpmUdAFRmoeRbkQK', NULL, NULL, '2017-08-09 03:51:31', '2017-08-09 03:51:31', NULL),
(21, 'José Manuel García Margallo', 'joseccco@hotmaiil.com', 2, 31, 8, '$2y$10$6yemrJ.oZ0l/z.ep84Nmiex7SvpzAvSJnGTucQ2x4zsIsrY9OxRQ.', NULL, NULL, '2017-08-09 03:54:36', '2017-08-09 03:54:36', NULL),
(22, 'Julia García Valdecasas', 'profem@gmaill.com', 3, 33, 8, '$2y$10$RwzeOlsoK79kj6RAOobSHu7HKHa9Ki50ydbStDhDV1eapeKXtzZbS', NULL, NULL, '2017-08-09 03:58:07', '2017-08-09 03:58:07', NULL),
(23, 'Luis de Guindos Lucas', 'juan323@hotmaiil.com', 2, 35, 8, '$2y$10$oOPoitHfbQxocMPKEaNnD.G321cQcMOhtVovLOtszfuAe2a4kogGy', NULL, NULL, '2017-08-09 04:52:22', '2017-08-09 04:52:22', NULL),
(26, 'Juan José Lucas Gante', 'jaun34@hotmaiil.com', 2, 42, 8, '$2y$10$wnIUMHl/wZZ94/HIRuru2uiuR5G1PfYYAIszTdgvOzToE9PAQ44F.', NULL, NULL, '2017-08-09 21:49:18', '2017-08-09 21:49:18', NULL),
(27, 'Margarita Mariscal de Gante', 'mariscal1@hotmaiil.com', 3, 44, 8, '$2y$10$/FheKwzEV7K/HWn47KzXa.k7dwp4177lQqueSXCgHGp4DZ3hyQTTG', NULL, NULL, '2017-08-09 21:54:16', '2017-08-09 21:54:16', NULL),
(28, 'Jaume Matas Gante', 'juame@hormail.com', 3, 46, 8, '$2y$10$7n4Eu5S8SNP5.D3ItYM5Ke7Zzxv8i4fEIPJpcOpy0MIvWAlzu8HYW', NULL, NULL, '2017-08-09 21:59:11', '2017-08-09 21:59:11', NULL),
(29, 'Ana Mato Gante', 'anarai4@hotmaiil.com', 4, 48, 8, '$2y$10$eWytNEFXlN5h1Ih4Ej0p5ueJ0hLvUAsFyGjld/ni5VnInbmMYEmuG', NULL, NULL, '2017-08-09 22:03:03', '2017-08-09 22:03:03', NULL),
(30, 'Abel Matutes Mato', 'abelam@hortmail.com', 3, 50, 8, '$2y$10$PPcInFVyPfjwnXfFnD90BudLG1k4Vn/ZREJ2y2M7piUq.Cgf5BHCW', NULL, NULL, '2017-08-09 22:06:52', '2017-08-09 22:06:52', NULL),
(31, 'Jaime Mayor Oreja Michavila', 'jaimer42@htomail.com', 3, 52, 8, '$2y$10$QGoc8Rvg8KQa1E1t8S1a6.ZCtiP47tBYGMHvBRHorC00lxd1A2MHy', NULL, NULL, '2017-08-09 22:10:51', '2017-08-09 22:10:51', NULL),
(32, 'Cristóbal Montoro Montserrat', 'cristorey323@hotmasil.com', 4, 53, 8, '$2y$10$jOdt8gnkkciCOBiZtLWGR.Q0wgMhylCoX4YN44nU3Lp0vfOt7cwvG', NULL, NULL, '2017-08-09 22:14:29', '2017-08-09 22:14:29', NULL),
(33, 'Pedro Morenés Montserrat', 'pedromartinez@hotmaiil.com', 3, 55, 8, '$2y$10$cC3mVdhcSvjneH6C.pqBtuogaFmMnDxpWVvbEhAAI9QFSK0E0ReQi', NULL, NULL, '2017-08-09 22:18:36', '2017-08-09 22:18:36', NULL),
(34, 'Pedro Morenés Montserrat', 'pedropicapiedra@htoamil.com', 3, 57, 8, '$2y$10$gwOlmIZtpD84hu4fAPUmgeUL4Zb8EVXZLzdbc5koaVKFwh1bbx09S', NULL, NULL, '2017-08-09 22:30:59', '2017-08-09 22:30:59', NULL),
(35, 'Álvaro Nadal Morenés', 'albraroobre@hotmaill.com', 3, 58, 8, '$2y$10$ix7F5TcGC40N.ykz4AO8u.hjKAZFpxKqQn1qlmPOqZH0NNZRoP8sS', NULL, NULL, '2017-08-09 22:34:48', '2017-08-09 22:34:48', NULL),
(36, 'Ana Palacio Palacio ', 'palaciodehierroe@hotmaill.com', 2, 60, 8, '$2y$10$n6GCyfj2vfhnXTtga06f5Ovbxm.YRxt1vxto.LijZDrELyH6CDhJ.', NULL, NULL, '2017-08-09 22:37:38', '2017-08-09 22:37:38', NULL),
(37, 'Loyola de Palacio Julián', 'sayoala2@htomail.com', 4, 62, 8, '$2y$10$fPvCxqz9C153ZRLlt3bNQ.GGIUzjICW//Mb6dqR692zhcLD5oEVVy', NULL, NULL, '2017-08-09 22:40:31', '2017-08-09 22:40:31', NULL),
(38, 'Manuel Pimentel Piqué', 'maunelobras@hotmaiil.com', 4, 64, 8, '$2y$10$2fmTRhvTqFhxbPnLW.V.Gui3O/2tvcGaCHZIB.8gRVYJNeZ3ld12i', NULL, NULL, '2017-08-09 22:44:54', '2017-08-09 22:44:54', NULL),
(39, 'Jesús Posada Posada', 'jesusde@hotmaill.com', 2, 65, 8, '$2y$10$74R1BcvKAjbAw0EkrcAsxORnxXqEaCzWgyEQQIg3ol62lhfKakvHC', NULL, NULL, '2017-08-09 22:48:03', '2017-08-09 22:48:03', NULL),
(40, 'Mariano Rajoy Brei', 'marojo@hotmaiil.com', 3, 67, 8, '$2y$10$tY4ZBFARA95ip7w3m3CPWuuv5V08RkFQWla3A3bsfZ1vsWAwgosg2', NULL, NULL, '2017-08-09 22:52:12', '2017-08-09 22:52:12', NULL),
(41, 'Rodrigo Rato Raro', 'roryb@hotmailc.com', 2, 68, 8, '$2y$10$Ksh5cdANFUFxaeAth8o/9OCLZFH5j99Esg0Qr9fHBLNoCyQg/lnqW', NULL, NULL, '2017-08-09 22:55:38', '2017-08-09 22:55:38', NULL),
(42, 'Elvira Rodríguez Rato', 'elvir@hottmail.com', 2, 70, 8, '$2y$10$YkLr2YQZDI/A0rqNi2VX/e0XYb5A2lEAB6xVfH1aoNND5MEPDp4xi', NULL, NULL, '2017-08-09 22:58:29', '2017-08-09 22:58:29', NULL),
(43, 'José Manuel Romay Beccaría', 'jaunmanuala@hotmaiil.com', 2, 72, 8, '$2y$10$GSCO92jlS/reSAZ3nlWFROjj19CnPxNdXeBCQepMpQs2MafRSS5..', NULL, NULL, '2017-08-09 23:02:43', '2017-08-09 23:02:43', NULL),
(44, 'Alberto Ruiz Gallardón', 'albertaeinstain@holimail.com', 2, 73, 8, '$2y$10$qqJUS9IWaZJXrrJmmFiO8ePnqbax4P6JC0KCIpC4ZOQiU9pm3ynbG', NULL, NULL, '2017-08-09 23:07:12', '2017-08-09 23:07:12', NULL),
(45, 'Soraya Sáenz de Santamaría', 'sorayajime@hotmaiil.com', 2, 74, 8, '$2y$10$Cg2DdxYdLjzid2MCDvxH9.T8OF2x1qEpxQj.Les2/yOC9CeDbYL7y', NULL, NULL, '2017-08-09 23:10:13', '2017-08-09 23:10:13', NULL),
(46, 'Íñigo de la Serna Serrano', 'cantosris@hotmsail.com', 2, 75, 8, '$2y$10$koUf9AVPGe3VjgMoD8BNP.YePyxR52abmvBHBnGMzDn0fcVz.ox2K', NULL, NULL, '2017-08-09 23:13:27', '2017-08-09 23:13:27', NULL),
(47, 'Eduardo Serra Rexach', 'seerrra@hotmaill.com', 4, 76, 8, '$2y$10$OkiBAsZO4enG5rb3nBSu0.knyqmiLoWpcdFacDvnNKZCOVTw/kgvG', NULL, NULL, '2017-08-09 23:16:23', '2017-08-09 23:16:23', NULL),
(48, 'José Manuel Soria Sanahoria', 'sanahori@hotmaiil.com', 2, 78, 8, '$2y$10$Ms95YsYfQNstIvfwVVaVn.dOmCmLcP0tYvad/fG6Pg/lLwaQKeGnO', NULL, NULL, '2017-08-09 23:19:15', '2017-08-09 23:19:15', NULL),
(49, 'Isabel Tocino Tocino ', 'baicontocino@hotmaiil.com', 2, 80, 8, '$2y$10$jXaGgFe/1y1XAFD3KVvxe.OQMJMV//btSvM1c5m1Ehlu5X24YvUdu', NULL, NULL, '2017-08-09 23:22:08', '2017-08-09 23:22:08', NULL),
(52, 'Oscar Javier Martínez González', 'ojmarti2@anahuac.mx', 3, 85, 8, '$2y$10$aw63N1.1tqkDHPtu61f8Rek0MCUcPCmZU0d/L2sauAAGjskdLYQA2', NULL, NULL, '2017-08-10 01:35:56', '2017-08-10 01:35:56', NULL),
(53, 'Rogelio Laguna Hurtado', 'rogerlooc@hotmaiil.com', 2, 86, 8, '$2y$10$Y7CBxEudkAT2n5KuKGjD2e8IzHGDhkwGPJkUDtDdmmueiYfiOhmFm', NULL, NULL, '2017-08-10 01:38:36', '2017-08-10 01:38:36', NULL),
(54, 'Sergio Lujan Mora', 'sergiolujan@hotmiil.com', 2, 87, 8, '$2y$10$uOAED5FR9C59FaY3ST9GHeHcqC3tKRhDKzu/H4lQQ9C/7bjz7ptt6', NULL, NULL, '2017-08-10 23:19:00', '2017-08-10 23:19:00', NULL),
(55, 'Felix Cuevas Sandro', 'felizcueva@gmaiil.com', 2, 89, 8, '$2y$10$oAhC/r5jf5wVNJ3Md98Me.e2T3f7mt9CgFy1nb.hii22qWKz7NACq', NULL, NULL, '2017-08-10 23:25:53', '2017-08-10 23:25:53', NULL),
(56, 'Miguel Servantes Sabedron', 'servantes@htomaiil.com', 2, 91, 8, '$2y$10$RF4KwAyb/cx27aMGDkKbN.F3nkYVkW.q9Eq2TCuxMdhcio/LSs3Aa', NULL, NULL, '2017-08-10 23:36:32', '2017-08-10 23:36:32', NULL),
(57, 'Ruben Dario Bustamante', 'diarioterra@hotmaill.com', 2, 92, 8, '$2y$10$DTt0bugkEYpx.WHGb6lnQeUH8..WRKe.5G6TxCHkaD.VqnCon7Z8u', NULL, NULL, '2017-08-10 23:49:27', '2017-08-10 23:49:27', NULL),
(58, 'Ellvira Llaca García', 'elvirallaca27@gmail.com', 3, 94, 8, '$2y$10$cT5xEkhREBE7aw5.TgKYdeUOQy4gTrVIDrLk4HMwOgMNUTFkdjXRe', NULL, NULL, '2017-08-11 01:52:01', '2017-08-11 01:52:01', NULL),
(59, 'Martha Patricia Hernández Valdez', 'patricia.hernandezv@hotmail.es', 3, 96, 8, '$2y$10$PoRdXEdRKYuPbVwb8c9kZuXseLFMsLYUO/lufrD74V0Tz6N0cPYp.', NULL, NULL, '2017-08-11 01:59:03', '2017-08-11 01:59:03', NULL);

-- --------------------------------------------------------

--
-- Stand-in structure for view `usuariosactivos`
-- (See below for the actual view)
--
CREATE TABLE `usuariosactivos` (
`id_vinculacions` int(10) unsigned
,`idV` int(10) unsigned
,`subcat` int(0)
,`iDtooltip` int(11)
,`nombre` varchar(255)
,`categoria` text
,`acronimo` text
,`nombreCompleto` varchar(255)
,`status` varchar(255)
,`gestion` text
,`docencia` text
,`url` varchar(271)
,`color` varchar(255)
,`formAcademicLic` varchar(268)
,`formdeMaestria` varchar(255)
,`formEspecialidad` varchar(255)
,`formDoctorado` varchar(255)
,`formPostGrado` text
,`investigacion_temas` text
,`sg` varchar(255)
,`sd` varchar(255)
,`si` varchar(255)
,`telefono` varchar(255)
,`telefono2` varchar(255)
,`email` varchar(255)
,`email2` varchar(255)
,`palabras_claves` varchar(255)
,`id_area_LIC` int(11)
,`id_perfil` int(11)
,`id_tipo` int(11)
);

-- --------------------------------------------------------

--
-- Table structure for table `vinculacions`
--

CREATE TABLE `vinculacions` (
  `id` int(10) UNSIGNED NOT NULL,
  `nombreCompleto` varchar(255) COLLATE utf8_unicode_ci NOT NULL,
  `id_perfil` int(11) NOT NULL,
  `id_status_formacion` int(11) NOT NULL,
  `formAcademicLIC` varchar(255) COLLATE utf8_unicode_ci NOT NULL,
  `id_area_LIC` int(11) NOT NULL,
  `formdeMaestria` varchar(255) COLLATE utf8_unicode_ci DEFAULT NULL,
  `formEspecialidad` varchar(255) COLLATE utf8_unicode_ci DEFAULT NULL,
  `formDoctorado` varchar(255) COLLATE utf8_unicode_ci DEFAULT NULL,
  `formPostGrado` text COLLATE utf8_unicode_ci,
  `id_status_gestion_laboral` int(11) NOT NULL,
  `id_status_form_docencia` int(11) NOT NULL,
  `id_status_invest_bio` int(11) NOT NULL,
  `investigacion_temas` text COLLATE utf8_unicode_ci,
  `telefono` varchar(255) COLLATE utf8_unicode_ci NOT NULL,
  `telefono2` varchar(255) COLLATE utf8_unicode_ci DEFAULT NULL,
  `correo` varchar(255) COLLATE utf8_unicode_ci NOT NULL,
  `correo2` varchar(255) COLLATE utf8_unicode_ci DEFAULT NULL,
  `palabras_claves` varchar(255) COLLATE utf8_unicode_ci NOT NULL,
  `id_respuestas_gestion_laboral` int(10) UNSIGNED DEFAULT NULL,
  `id_respuestas_form_docencia` int(10) UNSIGNED DEFAULT NULL,
  `created_at` timestamp NULL DEFAULT NULL,
  `updated_at` timestamp NULL DEFAULT NULL,
  `deleted_at` timestamp NULL DEFAULT NULL
) ENGINE=InnoDB DEFAULT CHARSET=utf8 COLLATE=utf8_unicode_ci;

--
-- Dumping data for table `vinculacions`
--

INSERT INTO `vinculacions` (`id`, `nombreCompleto`, `id_perfil`, `id_status_formacion`, `formAcademicLIC`, `id_area_LIC`, `formdeMaestria`, `formEspecialidad`, `formDoctorado`, `formPostGrado`, `id_status_gestion_laboral`, `id_status_form_docencia`, `id_status_invest_bio`, `investigacion_temas`, `telefono`, `telefono2`, `correo`, `correo2`, `palabras_claves`, `id_respuestas_gestion_laboral`, `id_respuestas_form_docencia`, `created_at`, `updated_at`, `deleted_at`) VALUES
(1, 'Yoryanie Barrientos', 4, 7, '11', 2, '', '', '', '', 9, 8, 10, '', '+56222666333', '', 'yoryaniefaneite@gmail.com', '', 'diseño,asesora', 1, 2, '2017-08-06 05:34:36', '2017-08-06 06:03:35', NULL),
(2, 'Keiver Faneite', 4, 7, '58', 6, '', '', '', NULL, 8, 10, 10, NULL, '+5604262044779', '', 'faneitekeiver@gmail.com', 'keiverdategeek@gmail.com', 'php, informatica, tsu', 3, 4, '2017-08-06 07:03:46', NULL, NULL),
(5, 'Martha Tarasco Michel', 3, 5, '1', 1, 'Investigación Clínica', 'Especialidad Medicina de la comunicación humana', 'Doctorado en Medicina', '', 8, 8, 8, 'Fundamentos de la Ética y Bioética', '56270211 ext 8319', 'mtarascos@anahuac.mx', 'mtarascos@anahuac.mx', '', 'Antropologia filosófica, epistemología, conducta', 9, 10, '2017-08-08 22:23:16', '2017-08-08 22:24:26', NULL),
(6, 'Felipe de Jesús Vargas Mota', 3, 6, '27', 3, 'Maestría en ciencias de la administración / Maestría en mercadotecnia', 'Espacialidad en habilidades gerenciales', 'Doctorado en bioética', '', 9, 8, 8, 'Actualmente realizo investigación cuantitativa en bioética sobre datos estadísticos publicados en México y el Mundo.', '0000000', '', 'felipe.varga@anahuac.mx', 'felipe.varga659@gmail.com', '', 11, 12, '2017-08-08 22:30:50', '2017-08-08 22:31:48', NULL),
(7, 'Ma. Elizabeth de los Rios Uriarte', 2, 5, '46', 5, '', '', 'Doctorado en filosofia', '', 8, 8, 8, '	Bioética clínica en México. Universidad Anáhuac México Norte', '00000000', '', 'marieli828@hotmail.com', '', 'Bioética Clínica, investigación', 13, 14, '2017-08-08 22:43:23', '2017-08-08 22:43:56', NULL),
(9, 'Mariel Kalkach Aparicio', 3, 6, '1', 1, 'Maestría en bioética', 'Especialidad en bioética', '', '', 8, 8, 8, 'Desarrollo de la conciencia ético-moral del niño preescolar mexicano en Universidad Anáhuac México Norte Modelo de correlato interdisciplinario de la Conciencia Ético-Moral en Universidad Anáhuac México Norte', '545435435', '', 'mariel214@gmaila.com', '', 'Profesor', 17, 18, '2017-08-08 22:57:04', '2017-08-08 22:57:40', NULL),
(10, 'José Carlos Pintado Serrin', 3, 6, '41', 4, 'Maestría en bioética', '', 'Doctorado en bioética', NULL, 8, 8, 8, NULL, '32432456', '', 'carolos@quimail.com', '', 'derechos humanos', 19, 20, '2017-08-08 23:02:28', NULL, NULL),
(12, 'Jorge Ortiz Piñata', 2, 6, '61', 7, 'Maestría en bioética', 'Especialidad en bioética', 'Doctorado en  bioética', NULL, 8, 8, 8, NULL, '345435435', '', 'pinata@ggole.com', '', 'derechos humanos', 23, 24, '2017-08-08 23:06:37', NULL, NULL),
(14, 'Elmer Bolaños Ruiz', 3, 5, '10', 2, 'Maestría en bioética', '', '', NULL, 8, 8, 8, NULL, '5353455435', '', 'elmerb@ggale.com', '', 'derechos humanos', 27, 28, '2017-08-08 23:11:02', NULL, NULL),
(16, 'Juaquin Lopez Dominico', 2, 6, '65', 2, 'Maestría en Sociologia ', 'Especialidad en bioética', 'Doctorado en bioética', NULL, 8, 8, 8, NULL, '4324324', '', 'sanchopanza4@gmailk.com', '', 'derechos humanos', 31, 32, '2017-08-08 23:16:27', NULL, NULL),
(17, 'Ángel Acebes Tejerina ', 2, 5, '2', 1, 'Maestría en bioética', 'Especialidad en bioética', 'Doctorado en bioética', '', 9, 8, 8, 'Temas actuales de bioética, comités de bioética ética y bioética ética en la salud universidad Anáhuac sur', '323123213', '21323', 'angel@hotmaill.com', '', 'derechos humanos', 33, 34, '2017-08-09 03:14:00', '2017-08-09 03:15:10', NULL),
(19, 'Esperanza Aguirre Arena', 3, 7, '3', 1, 'Maestría en bioética', 'Especialidad en bioética', 'Doctorado en bioética', '', 8, 8, 8, 'Temas actuales de bioética, comités de bioética ética y bioética ética en la salud universidad Anáhuac sur', '23123213213', '', 'esperanza@hotmaill.com', '', 'neuroética', 37, 38, '2017-08-09 03:20:53', '2017-08-09 03:21:41', NULL),
(21, 'Alfonso Alonso Adame ', 2, 5, '4', 1, 'Maestría en bioética', 'Especialidad en bioética', 'Doctorado en bioética', NULL, 8, 8, 8, NULL, '42423432432', '', 'alonsofo@hotmaill.com', '', 'neuroética', 41, 42, '2017-08-09 03:26:38', NULL, NULL),
(23, 'Francisco Álvarez Cascos', 2, 5, '5', 1, 'Maestría en bioética', 'Especialidad en bioética', 'Doctorado en bioética', NULL, 8, 8, 9, NULL, '4324324', '', 'froan@hotmaill.com', '', 'derechos humanos', 45, 46, '2017-08-09 03:30:44', NULL, NULL),
(24, 'Juan Carlos Aparicio Arenas', 3, 5, '6', 1, 'Maestría en bioética', 'Especialidad en bioética', 'Doctorado en bioética', NULL, 8, 8, 8, NULL, '2424232442', '', 'juan23@hotmaiil.com', '', 'derechos humanos', 47, 48, '2017-08-09 03:35:01', NULL, NULL),
(25, 'Javier Arenas Cañade', 2, 5, '7', 1, 'Maestría en bioética', 'Especialidad en bioética', 'Doctorado en bioética', NULL, 9, 8, 8, NULL, '23123213213', '', 'hapier@hotmaill.com', '', 'derechos humanos', 49, 50, '2017-08-09 03:37:43', NULL, NULL),
(27, 'Miguel Arias Cañete', 3, 6, '8', 2, 'Maestría en bioética', 'Especialidad en bioética', 'Doctorado en bioética', NULL, 8, 8, 8, NULL, '23213213', '', 'mfontana@hotmaill.com', '', 'pedagogía', 53, 54, '2017-08-09 03:43:17', NULL, NULL),
(28, 'Rafael Arias Salgado', 2, 5, '9', 2, 'Maestría en derecho penal', '', '', NULL, 8, 8, 8, NULL, '1232312321', '', 'rafaderecho@hotmaill.com', '', 'derechos humanos', 55, 56, '2017-08-09 03:46:37', NULL, NULL),
(30, 'Isabel García Tejerina', 4, 5, '12', 2, 'Maestría en bioética', '', '', NULL, 9, 9, 8, NULL, '3213213213', '', 'isama@gmail.com', '', 'derechos humanos', 59, 60, '2017-08-09 03:50:37', NULL, NULL),
(31, 'José Manuel García Margallo', 2, 5, '13', 2, 'Maestría en bioética', 'Especialidad en bioética', 'Doctorado en bioética', NULL, 8, 8, 8, NULL, '4423424', '', 'joseccco@hotmaiil.com', '', 'derechos humanos', 61, 62, '2017-08-09 03:54:16', NULL, NULL),
(33, 'Julia García Valdecasas', 3, 6, '14', 2, 'Maestría en historia del arte', '', '', NULL, 8, 8, 8, NULL, '21221421432', '', 'profem@gmaill.com', '', 'neuroética', 65, 66, '2017-08-09 03:57:48', NULL, NULL),
(35, 'Luis de Guindos Lucas', 2, 5, '26', 2, 'Maestria en finazas', '', '', NULL, 8, 8, 8, NULL, '4324234324', '', 'juan323@hotmaiil.com', '', 'neuroética', 69, 70, '2017-08-09 04:52:02', NULL, NULL),
(42, 'Juan José Lucas Gante', 2, 6, '28', 3, 'Maestria en  bioética', '', '', NULL, 8, 8, 9, NULL, '432423432', '', 'jaun34@hotmaiil.com', '', 'derechos humanos', 83, 84, '2017-08-09 21:48:40', NULL, NULL),
(44, 'Margarita Mariscal de Gante', 3, 6, '29', 3, 'Maestría en bioética', 'Especialidad en bioética', '', NULL, 8, 8, 8, NULL, '234324324', '', 'mariscal1@hotmaiil.com', '', 'derechos humanos', 87, 88, '2017-08-09 21:53:51', NULL, NULL),
(46, 'Jaume Matas Gante', 3, 5, '30', 3, 'Maestría en bioética', '', '', NULL, 8, 8, 8, NULL, '4234234', '', 'juame@hormail.com', '', 'neuroética', 91, 92, '2017-08-09 21:58:31', NULL, NULL),
(48, 'Ana Mato Gante', 4, 6, '38', 3, 'Maestria en bioética', '', '', NULL, 8, 9, 8, NULL, '4324324', '', 'anarai4@hotmaiil.com', '', 'derechos humanos', 95, 96, '2017-08-09 22:02:33', NULL, NULL),
(50, 'Abel Matutes Mato', 3, 5, '39', 4, 'Maestría en bioética', '', '', NULL, 8, 8, 8, NULL, '35435435', '', 'abelam@hortmail.com', '', 'neuroética', 99, 100, '2017-08-09 22:06:31', NULL, NULL),
(52, 'Jaime Mayor Oreja Michavila', 3, 5, '40', 4, 'Maestría en bioetica', '', '', NULL, 8, 9, 8, NULL, '4324324', '', 'jaimer42@htomail.com', '', 'derechos humanos', 103, 104, '2017-08-09 22:10:15', NULL, NULL),
(53, 'Cristóbal Montoro Montserrat', 4, 7, '42', 4, 'Maestría en bioética', '', '', NULL, 8, 8, 8, NULL, '53453543', '', 'cristorey323@hotmasil.com', '', 'derechos human', 105, 106, '2017-08-09 22:13:36', NULL, NULL),
(55, 'Pedro Morenés Montserrat', 3, 5, '43', 4, 'Maestría en bioética', '', '', NULL, 8, 8, 8, NULL, '5435435', '', 'pedromartinez@hotmaiil.com', '', 'derechos humanos', 109, 110, '2017-08-09 22:18:16', NULL, NULL),
(57, 'Pedro Morenés Montserrat', 3, 6, '44', 4, 'Maestría en bioética', 'Especialidad en bioética', '', NULL, 8, 8, 8, NULL, '34324', '', 'pedropicapiedra@htoamil.com', '', 'derechos humanos', 113, 114, '2017-08-09 22:30:40', NULL, NULL),
(58, 'Álvaro Nadal Morenés', 3, 5, '47', 5, 'Maestría en bioética', '', '', NULL, 8, 8, 8, NULL, '34232432', '', 'albraroobre@hotmaill.com', '', 'derechos humanos', 115, 116, '2017-08-09 22:34:30', NULL, NULL),
(60, 'Ana Palacio Palacio ', 2, 5, '45', 5, 'Maestría en bioética', '', '', NULL, 8, 8, 8, NULL, '5345435435', '', 'palaciodehierroe@hotmaill.com', '', 'derechos humanos', 119, 120, '2017-08-09 22:37:13', NULL, NULL),
(62, 'Loyola de Palacio Julián', 4, 5, '48', 5, 'Maestría en  bioética', '', '', NULL, 8, 8, 8, NULL, '43432432', '', 'sayoala2@htomail.com', '', 'neuroética', 123, 124, '2017-08-09 22:40:02', NULL, NULL),
(64, 'Manuel Pimentel Piqué', 4, 5, '49', 6, 'Maestría en bioética', '', '', NULL, 8, 8, 8, NULL, '432432432', '', 'maunelobras@hotmaiil.com', '', 'derechos humanos', 127, 128, '2017-08-09 22:44:32', NULL, NULL),
(65, 'Jesús Posada Posada', 2, 5, '50', 6, 'Maestría en bioética', '', '', NULL, 8, 8, 8, NULL, '34324324', '', 'jesusde@hotmaill.com', '', 'derechos humanos', 129, 130, '2017-08-09 22:47:30', NULL, NULL),
(67, 'Mariano Rajoy Brei', 3, 5, '51', 6, 'Maestría en ciencias politicas ', '', '', NULL, 8, 8, 8, NULL, '53532432', '', 'marojo@hotmaiil.com', '', 'neuroética', 133, 134, '2017-08-09 22:51:52', NULL, NULL),
(68, 'Rodrigo Rato Raro', 2, 6, '52', 6, 'Maestría en bioética', '', '', NULL, 8, 8, 8, NULL, '4234324', '', 'roryb@hotmailc.com', '', 'derechos humanos', 135, 136, '2017-08-09 22:55:15', NULL, NULL),
(70, 'Elvira Rodríguez Rato', 2, 5, '53', 6, 'Maestría en bioética', '', '', NULL, 8, 8, 8, NULL, '34234234', '', 'elvir@hottmail.com', '', 'neuroética', 139, 140, '2017-08-09 22:58:12', NULL, NULL),
(72, 'José Manuel Romay Beccaría', 2, 6, '59', 7, 'Maestría en bioética', '', 'Doctorado en bioética', NULL, 8, 8, 8, NULL, '44324324', '', 'jaunmanuala@hotmaiil.com', '', '', 143, 144, '2017-08-09 23:02:24', NULL, NULL),
(73, 'Alberto Ruiz Gallardón', 2, 6, '62', 7, ' Maestría en bietica', '', '', NULL, 8, 8, 8, NULL, '3423432434', '', 'albertaeinstain@holimail.com', '', 'derechos humanos', 145, 146, '2017-08-09 23:06:53', NULL, NULL),
(74, 'Soraya Sáenz de Santamaría', 2, 5, '63', 7, 'Maestría en bioetica', '', '', NULL, 8, 8, 8, NULL, '4234324', '', 'sorayajime@hotmaiil.com', '', 'neuroética', 147, 148, '2017-08-09 23:09:52', NULL, NULL),
(75, 'Íñigo de la Serna Serrano', 2, 5, '60', 7, 'Maestría en bioetica', '', '', NULL, 8, 8, 8, NULL, '4324324', '', 'cantosris@hotmsail.com', '', 'neuroética', 149, 150, '2017-08-09 23:12:56', NULL, NULL),
(76, 'Eduardo Serra Rexach', 4, 5, '64', 1, 'Maestría en  bioética', '', '', NULL, 8, 8, 8, NULL, '324324324', '', 'seerrra@hotmaill.com', '', 'neuroética', 151, 152, '2017-08-09 23:16:02', NULL, NULL),
(78, 'José Manuel Soria Sanahoria', 2, 5, '66', 3, 'Maestría en bioética', '', '', NULL, 8, 8, 8, NULL, '424242', '', 'sanahori@hotmaiil.com', '', 'pedagogía', 155, 156, '2017-08-09 23:18:57', NULL, NULL),
(80, 'Isabel Tocino Tocino ', 2, 6, '67', 6, 'Maestría en bioética', '', '', NULL, 8, 8, 8, NULL, '6354345', '', 'baicontocino@hotmaiil.com', '', 'neuroética', 159, 160, '2017-08-09 23:21:43', NULL, NULL),
(85, 'Oscar Javier Martínez González', 3, 6, '1', 1, 'Maestría en bioética', 'Especialidad en Oftalmología pediátrica', 'Doctorado en  Bioética', '', 8, 8, 8, 'Comités de Bioética', '0000000000', '', 'ojmarti2@anahuac.mx', '', '', 169, 170, '2017-08-10 01:35:34', NULL, NULL),
(86, 'Rogelio Laguna Hurtado', 2, 5, '1', 1, 'Maestría en bioética', '', '', '', 8, 8, 9, 'Comité estudiantil  ', '000909', '', 'rogerlooc@hotmaiil.com', '', 'derechos humanos', 171, 172, '2017-08-10 01:38:11', NULL, NULL),
(87, 'Sergio Lujan Mora', 2, 5, '26', 3, 'Maestría en bioética', 'Especialidad en bioética', '', '', 8, 8, 8, 'Investigación ', '34324324', '', 'sergiolujan@hotmiil.com', '', 'derechos humanos', 173, 174, '2017-08-10 23:17:50', NULL, NULL),
(89, 'Felix Cuevas Sandro', 2, 5, '37', 3, 'Maestría en  bioética', 'Especialidad en bioética', '', '', 8, 8, 8, 'Investigación en bioestadística ', '34234234', '', 'felizcueva@gmaiil.com', '', 'derechos humanos', 177, 178, '2017-08-10 23:24:56', NULL, NULL),
(91, 'Miguel Servantes Sabedron', 2, 6, '61', 7, 'Maetria en  bioética', 'Especialidad en  bioética', 'Doctorado en bioética', 'Ciencias biológicas pruebas ', 8, 9, 8, 'La acción', '5435435', '', 'servantes@htomaiil.com', '', 'neuroética', 181, 182, '2017-08-10 23:35:48', NULL, NULL),
(92, 'Ruben Dario Bustamante', 2, 5, '57', 6, '', '', '', '', 8, 8, 8, '', '432423434', '', 'diarioterra@hotmaill.com', '', 'neuroética', 183, 184, '2017-08-10 23:48:37', NULL, NULL),
(94, 'Ellvira Llaca García', 3, 6, '1', 1, 'Maestría en bioética', 'Especialidad en oftalmologia', 'Doctorado en bioética', '', 10, 8, 8, 'Procuraduría General de Justicia del Distrito Federal y Universidad Anáhuac México. Autoconcepto de muejers víctimas de Violencia y Bioética.', '5544887907', '', 'elvirallaca27@gmail.com', '', 'derechos humanos', 187, 188, '2017-08-11 01:51:25', NULL, NULL),
(96, 'Martha Patricia Hernández Valdez', 3, 6, '2', 1, 'Maestría en bioética', 'Especialidad en bioética', 'Doctorado en bioética', '', 8, 9, 8, 'Cátedra Interdisciplinaria de Infertilidad en Universidad Anáhuac México Norte', '55 22 61 73 94', '', 'patricia.hernandezv@hotmail.es', '', 'Psicobioética', 191, 192, '2017-08-11 01:58:28', NULL, NULL);

-- --------------------------------------------------------

--
-- Table structure for table `vinculacions_ambitos`
--

CREATE TABLE `vinculacions_ambitos` (
  `id` int(10) UNSIGNED NOT NULL,
  `id_vinculacions` int(11) NOT NULL,
  `id_ambitos` int(11) NOT NULL,
  `id_tipo` int(11) NOT NULL,
  `cheked` tinyint(1) NOT NULL,
  `created_at` timestamp NULL DEFAULT NULL,
  `updated_at` timestamp NULL DEFAULT NULL
) ENGINE=InnoDB DEFAULT CHARSET=utf8 COLLATE=utf8_unicode_ci;

--
-- Dumping data for table `vinculacions_ambitos`
--

INSERT INTO `vinculacions_ambitos` (`id`, `id_vinculacions`, `id_ambitos`, `id_tipo`, `cheked`, `created_at`, `updated_at`) VALUES
(1, 1, 1, 11, 0, '2017-08-06 05:34:36', '2017-08-06 06:03:35'),
(2, 1, 2, 11, 0, '2017-08-06 05:34:36', '2017-08-06 06:03:35'),
(3, 1, 3, 11, 0, '2017-08-06 05:34:36', '2017-08-06 06:03:35'),
(4, 1, 4, 11, 0, '2017-08-06 05:34:36', '2017-08-06 06:03:35'),
(5, 1, 5, 11, 0, '2017-08-06 05:34:36', '2017-08-06 06:03:35'),
(6, 1, 6, 11, 0, '2017-08-06 05:34:36', '2017-08-06 06:03:35'),
(7, 1, 7, 11, 1, '2017-08-06 05:34:36', '2017-08-06 06:03:35'),
(8, 1, 8, 11, 0, '2017-08-06 05:34:36', '2017-08-06 06:03:35'),
(9, 1, 9, 11, 0, '2017-08-06 05:34:36', '2017-08-06 06:03:35'),
(10, 1, 10, 11, 0, '2017-08-06 05:34:36', '2017-08-06 06:03:35'),
(11, 1, 11, 11, 0, '2017-08-06 05:34:36', '2017-08-06 06:03:35'),
(12, 1, 12, 11, 0, '2017-08-06 05:34:36', '2017-08-06 06:03:35'),
(13, 1, 1, 12, 0, '2017-08-06 05:34:36', '2017-08-06 06:03:35'),
(14, 1, 2, 12, 0, '2017-08-06 05:34:36', '2017-08-06 06:03:35'),
(15, 1, 3, 12, 0, '2017-08-06 05:34:36', '2017-08-06 06:03:35'),
(16, 1, 4, 12, 0, '2017-08-06 05:34:36', '2017-08-06 06:03:35'),
(17, 1, 5, 12, 0, '2017-08-06 05:34:36', '2017-08-06 06:03:35'),
(18, 1, 6, 12, 0, '2017-08-06 05:34:36', '2017-08-06 06:03:35'),
(19, 1, 7, 12, 0, '2017-08-06 05:34:36', '2017-08-06 06:03:35'),
(20, 1, 8, 12, 0, '2017-08-06 05:34:36', '2017-08-06 06:03:35'),
(21, 1, 9, 12, 0, '2017-08-06 05:34:36', '2017-08-06 06:03:35'),
(22, 1, 10, 12, 0, '2017-08-06 05:34:36', '2017-08-06 06:03:35'),
(23, 1, 11, 12, 0, '2017-08-06 05:34:36', '2017-08-06 06:03:35'),
(24, 1, 12, 12, 0, '2017-08-06 05:34:36', '2017-08-06 06:03:35'),
(25, 1, 1, 13, 0, '2017-08-06 05:34:36', '2017-08-06 06:03:35'),
(26, 1, 2, 13, 0, '2017-08-06 05:34:36', '2017-08-06 06:03:35'),
(27, 1, 3, 13, 0, '2017-08-06 05:34:36', '2017-08-06 06:03:35'),
(28, 1, 4, 13, 0, '2017-08-06 05:34:36', '2017-08-06 06:03:35'),
(29, 1, 5, 13, 0, '2017-08-06 05:34:36', '2017-08-06 06:03:35'),
(30, 1, 6, 13, 0, '2017-08-06 05:34:36', '2017-08-06 06:03:35'),
(31, 1, 7, 13, 0, '2017-08-06 05:34:36', '2017-08-06 06:03:35'),
(32, 1, 8, 13, 0, '2017-08-06 05:34:36', '2017-08-06 06:03:35'),
(33, 1, 9, 13, 0, '2017-08-06 05:34:36', '2017-08-06 06:03:35'),
(34, 1, 10, 13, 1, '2017-08-06 05:34:36', '2017-08-06 06:03:35'),
(35, 1, 11, 13, 0, '2017-08-06 05:34:36', '2017-08-06 06:03:35'),
(36, 1, 12, 13, 0, '2017-08-06 05:34:36', '2017-08-06 06:03:35'),
(37, 2, 1, 11, 0, '2017-08-06 07:03:46', '2017-08-06 07:03:46'),
(38, 2, 2, 11, 0, '2017-08-06 07:03:46', '2017-08-06 07:03:46'),
(39, 2, 3, 11, 0, '2017-08-06 07:03:46', '2017-08-06 07:03:46'),
(40, 2, 4, 11, 0, '2017-08-06 07:03:46', '2017-08-06 07:03:46'),
(41, 2, 5, 11, 0, '2017-08-06 07:03:46', '2017-08-06 07:03:46'),
(42, 2, 6, 11, 1, '2017-08-06 07:03:46', '2017-08-06 07:03:46'),
(43, 2, 7, 11, 0, '2017-08-06 07:03:46', '2017-08-06 07:03:46'),
(44, 2, 8, 11, 0, '2017-08-06 07:03:46', '2017-08-06 07:03:46'),
(45, 2, 9, 11, 0, '2017-08-06 07:03:46', '2017-08-06 07:03:46'),
(46, 2, 10, 11, 0, '2017-08-06 07:03:46', '2017-08-06 07:03:46'),
(47, 2, 11, 11, 0, '2017-08-06 07:03:46', '2017-08-06 07:03:46'),
(48, 2, 12, 11, 0, '2017-08-06 07:03:46', '2017-08-06 07:03:46'),
(49, 2, 1, 12, 0, '2017-08-06 07:03:46', '2017-08-06 07:03:46'),
(50, 2, 2, 12, 0, '2017-08-06 07:03:46', '2017-08-06 07:03:46'),
(51, 2, 3, 12, 0, '2017-08-06 07:03:46', '2017-08-06 07:03:46'),
(52, 2, 4, 12, 0, '2017-08-06 07:03:46', '2017-08-06 07:03:46'),
(53, 2, 5, 12, 0, '2017-08-06 07:03:46', '2017-08-06 07:03:46'),
(54, 2, 6, 12, 0, '2017-08-06 07:03:46', '2017-08-06 07:03:46'),
(55, 2, 7, 12, 0, '2017-08-06 07:03:46', '2017-08-06 07:03:46'),
(56, 2, 8, 12, 0, '2017-08-06 07:03:46', '2017-08-06 07:03:46'),
(57, 2, 9, 12, 0, '2017-08-06 07:03:46', '2017-08-06 07:03:46'),
(58, 2, 10, 12, 0, '2017-08-06 07:03:46', '2017-08-06 07:03:46'),
(59, 2, 11, 12, 0, '2017-08-06 07:03:46', '2017-08-06 07:03:46'),
(60, 2, 12, 12, 0, '2017-08-06 07:03:46', '2017-08-06 07:03:46'),
(61, 2, 1, 13, 0, '2017-08-06 07:03:46', '2017-08-06 07:03:46'),
(62, 2, 2, 13, 0, '2017-08-06 07:03:46', '2017-08-06 07:03:46'),
(63, 2, 3, 13, 0, '2017-08-06 07:03:46', '2017-08-06 07:03:46'),
(64, 2, 4, 13, 0, '2017-08-06 07:03:46', '2017-08-06 07:03:46'),
(65, 2, 5, 13, 0, '2017-08-06 07:03:46', '2017-08-06 07:03:46'),
(66, 2, 6, 13, 0, '2017-08-06 07:03:46', '2017-08-06 07:03:46'),
(67, 2, 7, 13, 0, '2017-08-06 07:03:46', '2017-08-06 07:03:46'),
(68, 2, 8, 13, 0, '2017-08-06 07:03:46', '2017-08-06 07:03:46'),
(69, 2, 9, 13, 0, '2017-08-06 07:03:46', '2017-08-06 07:03:46'),
(70, 2, 10, 13, 0, '2017-08-06 07:03:46', '2017-08-06 07:03:46'),
(71, 2, 11, 13, 0, '2017-08-06 07:03:46', '2017-08-06 07:03:46'),
(72, 2, 12, 13, 0, '2017-08-06 07:03:46', '2017-08-06 07:03:46'),
(109, 5, 1, 11, 1, '2017-08-08 22:23:16', '2017-08-08 22:24:26'),
(110, 5, 2, 11, 0, '2017-08-08 22:23:16', '2017-08-08 22:24:26'),
(111, 5, 3, 11, 0, '2017-08-08 22:23:16', '2017-08-08 22:24:26'),
(112, 5, 4, 11, 0, '2017-08-08 22:23:16', '2017-08-08 22:24:26'),
(113, 5, 5, 11, 0, '2017-08-08 22:23:16', '2017-08-08 22:24:26'),
(114, 5, 6, 11, 0, '2017-08-08 22:23:16', '2017-08-08 22:24:26'),
(115, 5, 7, 11, 0, '2017-08-08 22:23:16', '2017-08-08 22:24:26'),
(116, 5, 8, 11, 0, '2017-08-08 22:23:16', '2017-08-08 22:24:26'),
(117, 5, 9, 11, 0, '2017-08-08 22:23:16', '2017-08-08 22:24:26'),
(118, 5, 10, 11, 0, '2017-08-08 22:23:16', '2017-08-08 22:24:26'),
(119, 5, 11, 11, 0, '2017-08-08 22:23:16', '2017-08-08 22:24:26'),
(120, 5, 12, 11, 0, '2017-08-08 22:23:16', '2017-08-08 22:24:26'),
(121, 5, 1, 12, 1, '2017-08-08 22:23:16', '2017-08-08 22:24:26'),
(122, 5, 2, 12, 0, '2017-08-08 22:23:16', '2017-08-08 22:24:26'),
(123, 5, 3, 12, 0, '2017-08-08 22:23:16', '2017-08-08 22:24:26'),
(124, 5, 4, 12, 0, '2017-08-08 22:23:16', '2017-08-08 22:24:26'),
(125, 5, 5, 12, 0, '2017-08-08 22:23:16', '2017-08-08 22:24:26'),
(126, 5, 6, 12, 0, '2017-08-08 22:23:16', '2017-08-08 22:24:26'),
(127, 5, 7, 12, 0, '2017-08-08 22:23:16', '2017-08-08 22:24:26'),
(128, 5, 8, 12, 0, '2017-08-08 22:23:16', '2017-08-08 22:24:26'),
(129, 5, 9, 12, 0, '2017-08-08 22:23:16', '2017-08-08 22:24:26'),
(130, 5, 10, 12, 0, '2017-08-08 22:23:16', '2017-08-08 22:24:26'),
(131, 5, 11, 12, 0, '2017-08-08 22:23:16', '2017-08-08 22:24:26'),
(132, 5, 12, 12, 0, '2017-08-08 22:23:16', '2017-08-08 22:24:26'),
(133, 5, 1, 13, 1, '2017-08-08 22:23:16', '2017-08-08 22:24:26'),
(134, 5, 2, 13, 0, '2017-08-08 22:23:16', '2017-08-08 22:24:26'),
(135, 5, 3, 13, 0, '2017-08-08 22:23:16', '2017-08-08 22:24:26'),
(136, 5, 4, 13, 0, '2017-08-08 22:23:16', '2017-08-08 22:24:26'),
(137, 5, 5, 13, 0, '2017-08-08 22:23:16', '2017-08-08 22:24:26'),
(138, 5, 6, 13, 0, '2017-08-08 22:23:16', '2017-08-08 22:24:26'),
(139, 5, 7, 13, 0, '2017-08-08 22:23:16', '2017-08-08 22:24:26'),
(140, 5, 8, 13, 0, '2017-08-08 22:23:16', '2017-08-08 22:24:26'),
(141, 5, 9, 13, 0, '2017-08-08 22:23:16', '2017-08-08 22:24:26'),
(142, 5, 10, 13, 0, '2017-08-08 22:23:16', '2017-08-08 22:24:26'),
(143, 5, 11, 13, 0, '2017-08-08 22:23:16', '2017-08-08 22:24:26'),
(144, 5, 12, 13, 0, '2017-08-08 22:23:16', '2017-08-08 22:24:26'),
(145, 6, 1, 11, 0, '2017-08-08 22:30:50', '2017-08-08 22:31:48'),
(146, 6, 2, 11, 0, '2017-08-08 22:30:50', '2017-08-08 22:31:48'),
(147, 6, 3, 11, 1, '2017-08-08 22:30:50', '2017-08-08 22:31:48'),
(148, 6, 4, 11, 0, '2017-08-08 22:30:50', '2017-08-08 22:31:48'),
(149, 6, 5, 11, 0, '2017-08-08 22:30:50', '2017-08-08 22:31:48'),
(150, 6, 6, 11, 0, '2017-08-08 22:30:50', '2017-08-08 22:31:48'),
(151, 6, 7, 11, 0, '2017-08-08 22:30:50', '2017-08-08 22:31:48'),
(152, 6, 8, 11, 0, '2017-08-08 22:30:50', '2017-08-08 22:31:48'),
(153, 6, 9, 11, 0, '2017-08-08 22:30:50', '2017-08-08 22:31:48'),
(154, 6, 10, 11, 0, '2017-08-08 22:30:50', '2017-08-08 22:31:48'),
(155, 6, 11, 11, 0, '2017-08-08 22:30:50', '2017-08-08 22:31:48'),
(156, 6, 12, 11, 0, '2017-08-08 22:30:50', '2017-08-08 22:31:48'),
(157, 6, 1, 12, 1, '2017-08-08 22:30:50', '2017-08-08 22:31:48'),
(158, 6, 2, 12, 0, '2017-08-08 22:30:50', '2017-08-08 22:31:48'),
(159, 6, 3, 12, 0, '2017-08-08 22:30:50', '2017-08-08 22:31:48'),
(160, 6, 4, 12, 0, '2017-08-08 22:30:50', '2017-08-08 22:31:48'),
(161, 6, 5, 12, 0, '2017-08-08 22:30:50', '2017-08-08 22:31:48'),
(162, 6, 6, 12, 0, '2017-08-08 22:30:50', '2017-08-08 22:31:48'),
(163, 6, 7, 12, 0, '2017-08-08 22:30:50', '2017-08-08 22:31:48'),
(164, 6, 8, 12, 0, '2017-08-08 22:30:50', '2017-08-08 22:31:48'),
(165, 6, 9, 12, 0, '2017-08-08 22:30:50', '2017-08-08 22:31:48'),
(166, 6, 10, 12, 0, '2017-08-08 22:30:50', '2017-08-08 22:31:48'),
(167, 6, 11, 12, 0, '2017-08-08 22:30:50', '2017-08-08 22:31:48'),
(168, 6, 12, 12, 0, '2017-08-08 22:30:50', '2017-08-08 22:31:48'),
(169, 6, 1, 13, 1, '2017-08-08 22:30:50', '2017-08-08 22:31:48'),
(170, 6, 2, 13, 0, '2017-08-08 22:30:50', '2017-08-08 22:31:48'),
(171, 6, 3, 13, 0, '2017-08-08 22:30:50', '2017-08-08 22:31:48'),
(172, 6, 4, 13, 0, '2017-08-08 22:30:50', '2017-08-08 22:31:48'),
(173, 6, 5, 13, 0, '2017-08-08 22:30:50', '2017-08-08 22:31:48'),
(174, 6, 6, 13, 0, '2017-08-08 22:30:50', '2017-08-08 22:31:48'),
(175, 6, 7, 13, 0, '2017-08-08 22:30:50', '2017-08-08 22:31:48'),
(176, 6, 8, 13, 0, '2017-08-08 22:30:50', '2017-08-08 22:31:48'),
(177, 6, 9, 13, 0, '2017-08-08 22:30:50', '2017-08-08 22:31:48'),
(178, 6, 10, 13, 0, '2017-08-08 22:30:50', '2017-08-08 22:31:48'),
(179, 6, 11, 13, 0, '2017-08-08 22:30:50', '2017-08-08 22:31:48'),
(180, 6, 12, 13, 0, '2017-08-08 22:30:50', '2017-08-08 22:31:48'),
(181, 7, 1, 11, 0, '2017-08-08 22:43:23', '2017-08-08 22:43:56'),
(182, 7, 2, 11, 0, '2017-08-08 22:43:23', '2017-08-08 22:43:56'),
(183, 7, 3, 11, 0, '2017-08-08 22:43:23', '2017-08-08 22:43:56'),
(184, 7, 4, 11, 0, '2017-08-08 22:43:23', '2017-08-08 22:43:56'),
(185, 7, 5, 11, 1, '2017-08-08 22:43:23', '2017-08-08 22:43:56'),
(186, 7, 6, 11, 0, '2017-08-08 22:43:23', '2017-08-08 22:43:56'),
(187, 7, 7, 11, 0, '2017-08-08 22:43:23', '2017-08-08 22:43:56'),
(188, 7, 8, 11, 0, '2017-08-08 22:43:23', '2017-08-08 22:43:56'),
(189, 7, 9, 11, 0, '2017-08-08 22:43:23', '2017-08-08 22:43:56'),
(190, 7, 10, 11, 0, '2017-08-08 22:43:23', '2017-08-08 22:43:56'),
(191, 7, 11, 11, 0, '2017-08-08 22:43:23', '2017-08-08 22:43:56'),
(192, 7, 12, 11, 0, '2017-08-08 22:43:23', '2017-08-08 22:43:56'),
(193, 7, 1, 12, 0, '2017-08-08 22:43:23', '2017-08-08 22:43:56'),
(194, 7, 2, 12, 1, '2017-08-08 22:43:23', '2017-08-08 22:43:56'),
(195, 7, 3, 12, 0, '2017-08-08 22:43:23', '2017-08-08 22:43:56'),
(196, 7, 4, 12, 0, '2017-08-08 22:43:23', '2017-08-08 22:43:56'),
(197, 7, 5, 12, 0, '2017-08-08 22:43:23', '2017-08-08 22:43:56'),
(198, 7, 6, 12, 0, '2017-08-08 22:43:23', '2017-08-08 22:43:56'),
(199, 7, 7, 12, 0, '2017-08-08 22:43:23', '2017-08-08 22:43:56'),
(200, 7, 8, 12, 0, '2017-08-08 22:43:23', '2017-08-08 22:43:56'),
(201, 7, 9, 12, 0, '2017-08-08 22:43:23', '2017-08-08 22:43:56'),
(202, 7, 10, 12, 0, '2017-08-08 22:43:23', '2017-08-08 22:43:56'),
(203, 7, 11, 12, 0, '2017-08-08 22:43:23', '2017-08-08 22:43:56'),
(204, 7, 12, 12, 0, '2017-08-08 22:43:23', '2017-08-08 22:43:56'),
(205, 7, 1, 13, 0, '2017-08-08 22:43:23', '2017-08-08 22:43:56'),
(206, 7, 2, 13, 0, '2017-08-08 22:43:23', '2017-08-08 22:43:56'),
(207, 7, 3, 13, 0, '2017-08-08 22:43:23', '2017-08-08 22:43:56'),
(208, 7, 4, 13, 1, '2017-08-08 22:43:23', '2017-08-08 22:43:56'),
(209, 7, 5, 13, 0, '2017-08-08 22:43:23', '2017-08-08 22:43:56'),
(210, 7, 6, 13, 0, '2017-08-08 22:43:23', '2017-08-08 22:43:56'),
(211, 7, 7, 13, 0, '2017-08-08 22:43:23', '2017-08-08 22:43:56'),
(212, 7, 8, 13, 0, '2017-08-08 22:43:23', '2017-08-08 22:43:56'),
(213, 7, 9, 13, 0, '2017-08-08 22:43:23', '2017-08-08 22:43:56'),
(214, 7, 10, 13, 0, '2017-08-08 22:43:23', '2017-08-08 22:43:56'),
(215, 7, 11, 13, 0, '2017-08-08 22:43:23', '2017-08-08 22:43:56'),
(216, 7, 12, 13, 0, '2017-08-08 22:43:23', '2017-08-08 22:43:56'),
(217, 7, 1, 13, 0, '2017-08-08 22:43:23', '2017-08-08 22:43:56'),
(218, 7, 2, 13, 0, '2017-08-08 22:43:23', '2017-08-08 22:43:56'),
(219, 7, 3, 13, 0, '2017-08-08 22:43:23', '2017-08-08 22:43:56'),
(220, 7, 4, 13, 0, '2017-08-08 22:43:23', '2017-08-08 22:43:56'),
(221, 7, 5, 13, 0, '2017-08-08 22:43:23', '2017-08-08 22:43:56'),
(222, 7, 6, 13, 0, '2017-08-08 22:43:23', '2017-08-08 22:43:56'),
(223, 7, 7, 13, 0, '2017-08-08 22:43:23', '2017-08-08 22:43:56'),
(224, 7, 8, 13, 1, '2017-08-08 22:43:23', '2017-08-08 22:43:56'),
(225, 7, 9, 13, 0, '2017-08-08 22:43:23', '2017-08-08 22:43:56'),
(226, 7, 10, 13, 0, '2017-08-08 22:43:23', '2017-08-08 22:43:56'),
(227, 7, 11, 13, 0, '2017-08-08 22:43:23', '2017-08-08 22:43:56'),
(228, 7, 12, 13, 0, '2017-08-08 22:43:23', '2017-08-08 22:43:56'),
(229, 9, 1, 11, 0, '2017-08-08 22:57:04', '2017-08-08 22:57:39'),
(230, 9, 2, 11, 0, '2017-08-08 22:57:04', '2017-08-08 22:57:39'),
(231, 9, 3, 11, 0, '2017-08-08 22:57:04', '2017-08-08 22:57:39'),
(232, 9, 4, 11, 0, '2017-08-08 22:57:04', '2017-08-08 22:57:39'),
(233, 9, 5, 11, 0, '2017-08-08 22:57:04', '2017-08-08 22:57:39'),
(234, 9, 6, 11, 1, '2017-08-08 22:57:04', '2017-08-08 22:57:39'),
(235, 9, 7, 11, 0, '2017-08-08 22:57:04', '2017-08-08 22:57:39'),
(236, 9, 8, 11, 0, '2017-08-08 22:57:04', '2017-08-08 22:57:39'),
(237, 9, 9, 11, 0, '2017-08-08 22:57:04', '2017-08-08 22:57:39'),
(238, 9, 10, 11, 0, '2017-08-08 22:57:04', '2017-08-08 22:57:39'),
(239, 9, 11, 11, 0, '2017-08-08 22:57:04', '2017-08-08 22:57:40'),
(240, 9, 12, 11, 0, '2017-08-08 22:57:04', '2017-08-08 22:57:40'),
(241, 9, 1, 12, 1, '2017-08-08 22:57:04', '2017-08-08 22:57:40'),
(242, 9, 2, 12, 0, '2017-08-08 22:57:04', '2017-08-08 22:57:40'),
(243, 9, 3, 12, 0, '2017-08-08 22:57:04', '2017-08-08 22:57:40'),
(244, 9, 4, 12, 0, '2017-08-08 22:57:04', '2017-08-08 22:57:40'),
(245, 9, 5, 12, 0, '2017-08-08 22:57:04', '2017-08-08 22:57:40'),
(246, 9, 6, 12, 0, '2017-08-08 22:57:04', '2017-08-08 22:57:40'),
(247, 9, 7, 12, 0, '2017-08-08 22:57:04', '2017-08-08 22:57:40'),
(248, 9, 8, 12, 0, '2017-08-08 22:57:04', '2017-08-08 22:57:40'),
(249, 9, 9, 12, 0, '2017-08-08 22:57:04', '2017-08-08 22:57:40'),
(250, 9, 10, 12, 0, '2017-08-08 22:57:04', '2017-08-08 22:57:40'),
(251, 9, 11, 12, 0, '2017-08-08 22:57:04', '2017-08-08 22:57:40'),
(252, 9, 12, 12, 0, '2017-08-08 22:57:04', '2017-08-08 22:57:40'),
(253, 9, 1, 12, 0, '2017-08-08 22:57:04', '2017-08-08 22:57:40'),
(254, 9, 2, 12, 0, '2017-08-08 22:57:04', '2017-08-08 22:57:40'),
(255, 9, 3, 12, 0, '2017-08-08 22:57:04', '2017-08-08 22:57:40'),
(256, 9, 4, 12, 0, '2017-08-08 22:57:04', '2017-08-08 22:57:40'),
(257, 9, 5, 12, 1, '2017-08-08 22:57:04', '2017-08-08 22:57:40'),
(258, 9, 6, 12, 0, '2017-08-08 22:57:04', '2017-08-08 22:57:40'),
(259, 9, 7, 12, 0, '2017-08-08 22:57:04', '2017-08-08 22:57:40'),
(260, 9, 8, 12, 0, '2017-08-08 22:57:04', '2017-08-08 22:57:40'),
(261, 9, 9, 12, 0, '2017-08-08 22:57:04', '2017-08-08 22:57:40'),
(262, 9, 10, 12, 0, '2017-08-08 22:57:04', '2017-08-08 22:57:40'),
(263, 9, 11, 12, 0, '2017-08-08 22:57:04', '2017-08-08 22:57:40'),
(264, 9, 12, 12, 0, '2017-08-08 22:57:04', '2017-08-08 22:57:40'),
(265, 9, 1, 13, 1, '2017-08-08 22:57:04', '2017-08-08 22:57:40'),
(266, 9, 2, 13, 0, '2017-08-08 22:57:04', '2017-08-08 22:57:40'),
(267, 9, 3, 13, 0, '2017-08-08 22:57:04', '2017-08-08 22:57:40'),
(268, 9, 4, 13, 0, '2017-08-08 22:57:04', '2017-08-08 22:57:40'),
(269, 9, 5, 13, 0, '2017-08-08 22:57:04', '2017-08-08 22:57:40'),
(270, 9, 6, 13, 0, '2017-08-08 22:57:04', '2017-08-08 22:57:40'),
(271, 9, 7, 13, 0, '2017-08-08 22:57:04', '2017-08-08 22:57:40'),
(272, 9, 8, 13, 0, '2017-08-08 22:57:04', '2017-08-08 22:57:40'),
(273, 9, 9, 13, 0, '2017-08-08 22:57:04', '2017-08-08 22:57:40'),
(274, 9, 10, 13, 0, '2017-08-08 22:57:04', '2017-08-08 22:57:40'),
(275, 9, 11, 13, 0, '2017-08-08 22:57:04', '2017-08-08 22:57:40'),
(276, 9, 12, 13, 0, '2017-08-08 22:57:04', '2017-08-08 22:57:40'),
(277, 10, 1, 11, 1, '2017-08-08 23:02:28', '2017-08-08 23:02:28'),
(278, 10, 2, 11, 0, '2017-08-08 23:02:28', '2017-08-08 23:02:28'),
(279, 10, 3, 11, 0, '2017-08-08 23:02:28', '2017-08-08 23:02:28'),
(280, 10, 4, 11, 0, '2017-08-08 23:02:28', '2017-08-08 23:02:28'),
(281, 10, 5, 11, 0, '2017-08-08 23:02:28', '2017-08-08 23:02:28'),
(282, 10, 6, 11, 0, '2017-08-08 23:02:28', '2017-08-08 23:02:28'),
(283, 10, 7, 11, 0, '2017-08-08 23:02:28', '2017-08-08 23:02:28'),
(284, 10, 8, 11, 0, '2017-08-08 23:02:28', '2017-08-08 23:02:28'),
(285, 10, 9, 11, 0, '2017-08-08 23:02:28', '2017-08-08 23:02:28'),
(286, 10, 10, 11, 0, '2017-08-08 23:02:28', '2017-08-08 23:02:28'),
(287, 10, 11, 11, 0, '2017-08-08 23:02:28', '2017-08-08 23:02:28'),
(288, 10, 12, 11, 0, '2017-08-08 23:02:28', '2017-08-08 23:02:28'),
(289, 10, 1, 11, 0, '2017-08-08 23:02:28', '2017-08-08 23:02:28'),
(290, 10, 2, 11, 0, '2017-08-08 23:02:28', '2017-08-08 23:02:28'),
(291, 10, 3, 11, 0, '2017-08-08 23:02:28', '2017-08-08 23:02:28'),
(292, 10, 4, 11, 0, '2017-08-08 23:02:28', '2017-08-08 23:02:28'),
(293, 10, 5, 11, 1, '2017-08-08 23:02:28', '2017-08-08 23:02:28'),
(294, 10, 6, 11, 0, '2017-08-08 23:02:28', '2017-08-08 23:02:28'),
(295, 10, 7, 11, 0, '2017-08-08 23:02:28', '2017-08-08 23:02:28'),
(296, 10, 8, 11, 0, '2017-08-08 23:02:28', '2017-08-08 23:02:28'),
(297, 10, 9, 11, 0, '2017-08-08 23:02:28', '2017-08-08 23:02:28'),
(298, 10, 10, 11, 0, '2017-08-08 23:02:28', '2017-08-08 23:02:28'),
(299, 10, 11, 11, 0, '2017-08-08 23:02:28', '2017-08-08 23:02:28'),
(300, 10, 12, 11, 0, '2017-08-08 23:02:28', '2017-08-08 23:02:28'),
(301, 10, 1, 12, 1, '2017-08-08 23:02:28', '2017-08-08 23:02:28'),
(302, 10, 2, 12, 0, '2017-08-08 23:02:28', '2017-08-08 23:02:28'),
(303, 10, 3, 12, 0, '2017-08-08 23:02:28', '2017-08-08 23:02:28'),
(304, 10, 4, 12, 0, '2017-08-08 23:02:28', '2017-08-08 23:02:28'),
(305, 10, 5, 12, 0, '2017-08-08 23:02:28', '2017-08-08 23:02:28'),
(306, 10, 6, 12, 0, '2017-08-08 23:02:28', '2017-08-08 23:02:28'),
(307, 10, 7, 12, 0, '2017-08-08 23:02:28', '2017-08-08 23:02:28'),
(308, 10, 8, 12, 0, '2017-08-08 23:02:28', '2017-08-08 23:02:28'),
(309, 10, 9, 12, 0, '2017-08-08 23:02:28', '2017-08-08 23:02:28'),
(310, 10, 10, 12, 0, '2017-08-08 23:02:28', '2017-08-08 23:02:28'),
(311, 10, 11, 12, 0, '2017-08-08 23:02:28', '2017-08-08 23:02:28'),
(312, 10, 12, 12, 0, '2017-08-08 23:02:28', '2017-08-08 23:02:28'),
(313, 10, 1, 12, 0, '2017-08-08 23:02:28', '2017-08-08 23:02:28'),
(314, 10, 2, 12, 0, '2017-08-08 23:02:28', '2017-08-08 23:02:28'),
(315, 10, 3, 12, 0, '2017-08-08 23:02:28', '2017-08-08 23:02:28'),
(316, 10, 4, 12, 0, '2017-08-08 23:02:28', '2017-08-08 23:02:28'),
(317, 10, 5, 12, 1, '2017-08-08 23:02:28', '2017-08-08 23:02:28'),
(318, 10, 6, 12, 0, '2017-08-08 23:02:28', '2017-08-08 23:02:28'),
(319, 10, 7, 12, 0, '2017-08-08 23:02:28', '2017-08-08 23:02:28'),
(320, 10, 8, 12, 0, '2017-08-08 23:02:28', '2017-08-08 23:02:28'),
(321, 10, 9, 12, 0, '2017-08-08 23:02:28', '2017-08-08 23:02:28'),
(322, 10, 10, 12, 0, '2017-08-08 23:02:28', '2017-08-08 23:02:28'),
(323, 10, 11, 12, 0, '2017-08-08 23:02:28', '2017-08-08 23:02:28'),
(324, 10, 12, 12, 0, '2017-08-08 23:02:28', '2017-08-08 23:02:28'),
(325, 10, 1, 13, 1, '2017-08-08 23:02:28', '2017-08-08 23:02:28'),
(326, 10, 2, 13, 0, '2017-08-08 23:02:28', '2017-08-08 23:02:28'),
(327, 10, 3, 13, 0, '2017-08-08 23:02:28', '2017-08-08 23:02:28'),
(328, 10, 4, 13, 0, '2017-08-08 23:02:28', '2017-08-08 23:02:28'),
(329, 10, 5, 13, 0, '2017-08-08 23:02:28', '2017-08-08 23:02:28'),
(330, 10, 6, 13, 0, '2017-08-08 23:02:28', '2017-08-08 23:02:28'),
(331, 10, 7, 13, 0, '2017-08-08 23:02:28', '2017-08-08 23:02:28'),
(332, 10, 8, 13, 0, '2017-08-08 23:02:28', '2017-08-08 23:02:28'),
(333, 10, 9, 13, 0, '2017-08-08 23:02:28', '2017-08-08 23:02:28'),
(334, 10, 10, 13, 0, '2017-08-08 23:02:28', '2017-08-08 23:02:28'),
(335, 10, 11, 13, 0, '2017-08-08 23:02:28', '2017-08-08 23:02:28'),
(336, 10, 12, 13, 0, '2017-08-08 23:02:28', '2017-08-08 23:02:28'),
(337, 10, 1, 13, 0, '2017-08-08 23:02:28', '2017-08-08 23:02:28'),
(338, 10, 2, 13, 0, '2017-08-08 23:02:28', '2017-08-08 23:02:28'),
(339, 10, 3, 13, 1, '2017-08-08 23:02:28', '2017-08-08 23:02:28'),
(340, 10, 4, 13, 0, '2017-08-08 23:02:28', '2017-08-08 23:02:28'),
(341, 10, 5, 13, 0, '2017-08-08 23:02:28', '2017-08-08 23:02:28'),
(342, 10, 6, 13, 0, '2017-08-08 23:02:28', '2017-08-08 23:02:28'),
(343, 10, 7, 13, 0, '2017-08-08 23:02:28', '2017-08-08 23:02:28'),
(344, 10, 8, 13, 0, '2017-08-08 23:02:28', '2017-08-08 23:02:28'),
(345, 10, 9, 13, 0, '2017-08-08 23:02:28', '2017-08-08 23:02:28'),
(346, 10, 10, 13, 0, '2017-08-08 23:02:28', '2017-08-08 23:02:28'),
(347, 10, 11, 13, 0, '2017-08-08 23:02:28', '2017-08-08 23:02:28'),
(348, 10, 12, 13, 0, '2017-08-08 23:02:28', '2017-08-08 23:02:28'),
(349, 12, 1, 11, 1, '2017-08-08 23:06:37', '2017-08-08 23:06:37'),
(350, 12, 2, 11, 0, '2017-08-08 23:06:37', '2017-08-08 23:06:37'),
(351, 12, 3, 11, 0, '2017-08-08 23:06:37', '2017-08-08 23:06:37'),
(352, 12, 4, 11, 0, '2017-08-08 23:06:37', '2017-08-08 23:06:37'),
(353, 12, 5, 11, 0, '2017-08-08 23:06:37', '2017-08-08 23:06:37'),
(354, 12, 6, 11, 0, '2017-08-08 23:06:37', '2017-08-08 23:06:37'),
(355, 12, 7, 11, 0, '2017-08-08 23:06:37', '2017-08-08 23:06:37'),
(356, 12, 8, 11, 0, '2017-08-08 23:06:37', '2017-08-08 23:06:37'),
(357, 12, 9, 11, 0, '2017-08-08 23:06:37', '2017-08-08 23:06:37'),
(358, 12, 10, 11, 0, '2017-08-08 23:06:37', '2017-08-08 23:06:37'),
(359, 12, 11, 11, 0, '2017-08-08 23:06:37', '2017-08-08 23:06:37'),
(360, 12, 12, 11, 0, '2017-08-08 23:06:37', '2017-08-08 23:06:37'),
(361, 12, 1, 11, 0, '2017-08-08 23:06:37', '2017-08-08 23:06:37'),
(362, 12, 2, 11, 0, '2017-08-08 23:06:37', '2017-08-08 23:06:37'),
(363, 12, 3, 11, 0, '2017-08-08 23:06:37', '2017-08-08 23:06:37'),
(364, 12, 4, 11, 1, '2017-08-08 23:06:37', '2017-08-08 23:06:37'),
(365, 12, 5, 11, 0, '2017-08-08 23:06:37', '2017-08-08 23:06:37'),
(366, 12, 6, 11, 0, '2017-08-08 23:06:37', '2017-08-08 23:06:37'),
(367, 12, 7, 11, 0, '2017-08-08 23:06:37', '2017-08-08 23:06:37'),
(368, 12, 8, 11, 0, '2017-08-08 23:06:37', '2017-08-08 23:06:37'),
(369, 12, 9, 11, 0, '2017-08-08 23:06:37', '2017-08-08 23:06:37'),
(370, 12, 10, 11, 0, '2017-08-08 23:06:37', '2017-08-08 23:06:37'),
(371, 12, 11, 11, 0, '2017-08-08 23:06:37', '2017-08-08 23:06:37'),
(372, 12, 12, 11, 0, '2017-08-08 23:06:37', '2017-08-08 23:06:37'),
(373, 12, 1, 12, 0, '2017-08-08 23:06:37', '2017-08-08 23:06:37'),
(374, 12, 2, 12, 1, '2017-08-08 23:06:37', '2017-08-08 23:06:37'),
(375, 12, 3, 12, 0, '2017-08-08 23:06:37', '2017-08-08 23:06:37'),
(376, 12, 4, 12, 0, '2017-08-08 23:06:37', '2017-08-08 23:06:37'),
(377, 12, 5, 12, 0, '2017-08-08 23:06:37', '2017-08-08 23:06:37'),
(378, 12, 6, 12, 0, '2017-08-08 23:06:37', '2017-08-08 23:06:37'),
(379, 12, 7, 12, 0, '2017-08-08 23:06:37', '2017-08-08 23:06:37'),
(380, 12, 8, 12, 0, '2017-08-08 23:06:37', '2017-08-08 23:06:37'),
(381, 12, 9, 12, 0, '2017-08-08 23:06:37', '2017-08-08 23:06:37'),
(382, 12, 10, 12, 0, '2017-08-08 23:06:37', '2017-08-08 23:06:37'),
(383, 12, 11, 12, 0, '2017-08-08 23:06:37', '2017-08-08 23:06:37'),
(384, 12, 12, 12, 0, '2017-08-08 23:06:37', '2017-08-08 23:06:37'),
(385, 12, 1, 12, 0, '2017-08-08 23:06:37', '2017-08-08 23:06:37'),
(386, 12, 2, 12, 0, '2017-08-08 23:06:37', '2017-08-08 23:06:37'),
(387, 12, 3, 12, 0, '2017-08-08 23:06:37', '2017-08-08 23:06:37'),
(388, 12, 4, 12, 0, '2017-08-08 23:06:37', '2017-08-08 23:06:37'),
(389, 12, 5, 12, 0, '2017-08-08 23:06:37', '2017-08-08 23:06:37'),
(390, 12, 6, 12, 0, '2017-08-08 23:06:37', '2017-08-08 23:06:37'),
(391, 12, 7, 12, 0, '2017-08-08 23:06:37', '2017-08-08 23:06:37'),
(392, 12, 8, 12, 0, '2017-08-08 23:06:37', '2017-08-08 23:06:37'),
(393, 12, 9, 12, 0, '2017-08-08 23:06:37', '2017-08-08 23:06:37'),
(394, 12, 10, 12, 1, '2017-08-08 23:06:37', '2017-08-08 23:06:37'),
(395, 12, 11, 12, 0, '2017-08-08 23:06:37', '2017-08-08 23:06:37'),
(396, 12, 12, 12, 0, '2017-08-08 23:06:37', '2017-08-08 23:06:37'),
(397, 12, 1, 13, 0, '2017-08-08 23:06:37', '2017-08-08 23:06:37'),
(398, 12, 2, 13, 0, '2017-08-08 23:06:37', '2017-08-08 23:06:37'),
(399, 12, 3, 13, 0, '2017-08-08 23:06:37', '2017-08-08 23:06:37'),
(400, 12, 4, 13, 0, '2017-08-08 23:06:37', '2017-08-08 23:06:37'),
(401, 12, 5, 13, 0, '2017-08-08 23:06:37', '2017-08-08 23:06:37'),
(402, 12, 6, 13, 0, '2017-08-08 23:06:37', '2017-08-08 23:06:37'),
(403, 12, 7, 13, 1, '2017-08-08 23:06:37', '2017-08-08 23:06:37'),
(404, 12, 8, 13, 0, '2017-08-08 23:06:37', '2017-08-08 23:06:37'),
(405, 12, 9, 13, 0, '2017-08-08 23:06:37', '2017-08-08 23:06:37'),
(406, 12, 10, 13, 0, '2017-08-08 23:06:37', '2017-08-08 23:06:37'),
(407, 12, 11, 13, 0, '2017-08-08 23:06:37', '2017-08-08 23:06:37'),
(408, 12, 12, 13, 0, '2017-08-08 23:06:37', '2017-08-08 23:06:37'),
(409, 14, 1, 11, 0, '2017-08-08 23:11:02', '2017-08-08 23:11:02'),
(410, 14, 2, 11, 0, '2017-08-08 23:11:02', '2017-08-08 23:11:02'),
(411, 14, 3, 11, 0, '2017-08-08 23:11:02', '2017-08-08 23:11:02'),
(412, 14, 4, 11, 1, '2017-08-08 23:11:02', '2017-08-08 23:11:02'),
(413, 14, 5, 11, 0, '2017-08-08 23:11:02', '2017-08-08 23:11:02'),
(414, 14, 6, 11, 0, '2017-08-08 23:11:02', '2017-08-08 23:11:02'),
(415, 14, 7, 11, 0, '2017-08-08 23:11:02', '2017-08-08 23:11:02'),
(416, 14, 8, 11, 0, '2017-08-08 23:11:02', '2017-08-08 23:11:02'),
(417, 14, 9, 11, 0, '2017-08-08 23:11:02', '2017-08-08 23:11:02'),
(418, 14, 10, 11, 0, '2017-08-08 23:11:03', '2017-08-08 23:11:03'),
(419, 14, 11, 11, 0, '2017-08-08 23:11:03', '2017-08-08 23:11:03'),
(420, 14, 12, 11, 0, '2017-08-08 23:11:03', '2017-08-08 23:11:03'),
(421, 14, 1, 12, 0, '2017-08-08 23:11:03', '2017-08-08 23:11:03'),
(422, 14, 2, 12, 1, '2017-08-08 23:11:03', '2017-08-08 23:11:03'),
(423, 14, 3, 12, 0, '2017-08-08 23:11:03', '2017-08-08 23:11:03'),
(424, 14, 4, 12, 0, '2017-08-08 23:11:03', '2017-08-08 23:11:03'),
(425, 14, 5, 12, 0, '2017-08-08 23:11:03', '2017-08-08 23:11:03'),
(426, 14, 6, 12, 0, '2017-08-08 23:11:03', '2017-08-08 23:11:03'),
(427, 14, 7, 12, 0, '2017-08-08 23:11:03', '2017-08-08 23:11:03'),
(428, 14, 8, 12, 0, '2017-08-08 23:11:03', '2017-08-08 23:11:03'),
(429, 14, 9, 12, 0, '2017-08-08 23:11:03', '2017-08-08 23:11:03'),
(430, 14, 10, 12, 0, '2017-08-08 23:11:03', '2017-08-08 23:11:03'),
(431, 14, 11, 12, 0, '2017-08-08 23:11:03', '2017-08-08 23:11:03'),
(432, 14, 12, 12, 0, '2017-08-08 23:11:03', '2017-08-08 23:11:03'),
(433, 14, 1, 12, 0, '2017-08-08 23:11:03', '2017-08-08 23:11:03'),
(434, 14, 2, 12, 0, '2017-08-08 23:11:03', '2017-08-08 23:11:03'),
(435, 14, 3, 12, 0, '2017-08-08 23:11:03', '2017-08-08 23:11:03'),
(436, 14, 4, 12, 1, '2017-08-08 23:11:03', '2017-08-08 23:11:03'),
(437, 14, 5, 12, 0, '2017-08-08 23:11:03', '2017-08-08 23:11:03'),
(438, 14, 6, 12, 0, '2017-08-08 23:11:03', '2017-08-08 23:11:03'),
(439, 14, 7, 12, 0, '2017-08-08 23:11:03', '2017-08-08 23:11:03'),
(440, 14, 8, 12, 0, '2017-08-08 23:11:03', '2017-08-08 23:11:03'),
(441, 14, 9, 12, 0, '2017-08-08 23:11:03', '2017-08-08 23:11:03'),
(442, 14, 10, 12, 0, '2017-08-08 23:11:03', '2017-08-08 23:11:03'),
(443, 14, 11, 12, 0, '2017-08-08 23:11:03', '2017-08-08 23:11:03'),
(444, 14, 12, 12, 0, '2017-08-08 23:11:03', '2017-08-08 23:11:03'),
(445, 14, 1, 13, 1, '2017-08-08 23:11:03', '2017-08-08 23:11:03'),
(446, 14, 2, 13, 0, '2017-08-08 23:11:03', '2017-08-08 23:11:03'),
(447, 14, 3, 13, 0, '2017-08-08 23:11:03', '2017-08-08 23:11:03'),
(448, 14, 4, 13, 0, '2017-08-08 23:11:03', '2017-08-08 23:11:03'),
(449, 14, 5, 13, 0, '2017-08-08 23:11:03', '2017-08-08 23:11:03'),
(450, 14, 6, 13, 0, '2017-08-08 23:11:03', '2017-08-08 23:11:03'),
(451, 14, 7, 13, 0, '2017-08-08 23:11:03', '2017-08-08 23:11:03'),
(452, 14, 8, 13, 0, '2017-08-08 23:11:03', '2017-08-08 23:11:03'),
(453, 14, 9, 13, 0, '2017-08-08 23:11:03', '2017-08-08 23:11:03'),
(454, 14, 10, 13, 0, '2017-08-08 23:11:03', '2017-08-08 23:11:03'),
(455, 14, 11, 13, 0, '2017-08-08 23:11:03', '2017-08-08 23:11:03'),
(456, 14, 12, 13, 0, '2017-08-08 23:11:03', '2017-08-08 23:11:03'),
(457, 14, 1, 13, 0, '2017-08-08 23:11:03', '2017-08-08 23:11:03'),
(458, 14, 2, 13, 0, '2017-08-08 23:11:03', '2017-08-08 23:11:03'),
(459, 14, 3, 13, 1, '2017-08-08 23:11:03', '2017-08-08 23:11:03'),
(460, 14, 4, 13, 0, '2017-08-08 23:11:03', '2017-08-08 23:11:03'),
(461, 14, 5, 13, 0, '2017-08-08 23:11:03', '2017-08-08 23:11:03'),
(462, 14, 6, 13, 0, '2017-08-08 23:11:03', '2017-08-08 23:11:03'),
(463, 14, 7, 13, 0, '2017-08-08 23:11:03', '2017-08-08 23:11:03'),
(464, 14, 8, 13, 0, '2017-08-08 23:11:03', '2017-08-08 23:11:03'),
(465, 14, 9, 13, 0, '2017-08-08 23:11:03', '2017-08-08 23:11:03'),
(466, 14, 10, 13, 0, '2017-08-08 23:11:03', '2017-08-08 23:11:03'),
(467, 14, 11, 13, 0, '2017-08-08 23:11:03', '2017-08-08 23:11:03'),
(468, 14, 12, 13, 0, '2017-08-08 23:11:03', '2017-08-08 23:11:03'),
(469, 16, 1, 11, 1, '2017-08-08 23:16:27', '2017-08-08 23:16:27'),
(470, 16, 2, 11, 0, '2017-08-08 23:16:27', '2017-08-08 23:16:27'),
(471, 16, 3, 11, 0, '2017-08-08 23:16:27', '2017-08-08 23:16:27'),
(472, 16, 4, 11, 0, '2017-08-08 23:16:27', '2017-08-08 23:16:27'),
(473, 16, 5, 11, 0, '2017-08-08 23:16:27', '2017-08-08 23:16:27'),
(474, 16, 6, 11, 0, '2017-08-08 23:16:27', '2017-08-08 23:16:27'),
(475, 16, 7, 11, 0, '2017-08-08 23:16:27', '2017-08-08 23:16:27'),
(476, 16, 8, 11, 0, '2017-08-08 23:16:27', '2017-08-08 23:16:27'),
(477, 16, 9, 11, 0, '2017-08-08 23:16:27', '2017-08-08 23:16:27'),
(478, 16, 10, 11, 0, '2017-08-08 23:16:27', '2017-08-08 23:16:27'),
(479, 16, 11, 11, 0, '2017-08-08 23:16:27', '2017-08-08 23:16:27'),
(480, 16, 12, 11, 0, '2017-08-08 23:16:27', '2017-08-08 23:16:27'),
(481, 16, 1, 11, 0, '2017-08-08 23:16:27', '2017-08-08 23:16:27'),
(482, 16, 2, 11, 0, '2017-08-08 23:16:27', '2017-08-08 23:16:27'),
(483, 16, 3, 11, 0, '2017-08-08 23:16:27', '2017-08-08 23:16:27'),
(484, 16, 4, 11, 0, '2017-08-08 23:16:27', '2017-08-08 23:16:27'),
(485, 16, 5, 11, 1, '2017-08-08 23:16:27', '2017-08-08 23:16:27'),
(486, 16, 6, 11, 0, '2017-08-08 23:16:27', '2017-08-08 23:16:27'),
(487, 16, 7, 11, 0, '2017-08-08 23:16:27', '2017-08-08 23:16:27'),
(488, 16, 8, 11, 0, '2017-08-08 23:16:27', '2017-08-08 23:16:27'),
(489, 16, 9, 11, 0, '2017-08-08 23:16:27', '2017-08-08 23:16:27'),
(490, 16, 10, 11, 0, '2017-08-08 23:16:27', '2017-08-08 23:16:27'),
(491, 16, 11, 11, 0, '2017-08-08 23:16:27', '2017-08-08 23:16:27'),
(492, 16, 12, 11, 0, '2017-08-08 23:16:27', '2017-08-08 23:16:27'),
(493, 16, 1, 12, 1, '2017-08-08 23:16:27', '2017-08-08 23:16:27'),
(494, 16, 2, 12, 0, '2017-08-08 23:16:27', '2017-08-08 23:16:27'),
(495, 16, 3, 12, 0, '2017-08-08 23:16:27', '2017-08-08 23:16:27'),
(496, 16, 4, 12, 0, '2017-08-08 23:16:27', '2017-08-08 23:16:27'),
(497, 16, 5, 12, 0, '2017-08-08 23:16:27', '2017-08-08 23:16:27'),
(498, 16, 6, 12, 0, '2017-08-08 23:16:27', '2017-08-08 23:16:27'),
(499, 16, 7, 12, 0, '2017-08-08 23:16:27', '2017-08-08 23:16:27'),
(500, 16, 8, 12, 0, '2017-08-08 23:16:27', '2017-08-08 23:16:27'),
(501, 16, 9, 12, 0, '2017-08-08 23:16:27', '2017-08-08 23:16:27'),
(502, 16, 10, 12, 0, '2017-08-08 23:16:27', '2017-08-08 23:16:27'),
(503, 16, 11, 12, 0, '2017-08-08 23:16:27', '2017-08-08 23:16:27'),
(504, 16, 12, 12, 0, '2017-08-08 23:16:27', '2017-08-08 23:16:27'),
(505, 16, 1, 12, 0, '2017-08-08 23:16:27', '2017-08-08 23:16:27'),
(506, 16, 2, 12, 0, '2017-08-08 23:16:27', '2017-08-08 23:16:27'),
(507, 16, 3, 12, 0, '2017-08-08 23:16:27', '2017-08-08 23:16:27'),
(508, 16, 4, 12, 1, '2017-08-08 23:16:27', '2017-08-08 23:16:27'),
(509, 16, 5, 12, 0, '2017-08-08 23:16:27', '2017-08-08 23:16:27'),
(510, 16, 6, 12, 0, '2017-08-08 23:16:27', '2017-08-08 23:16:27'),
(511, 16, 7, 12, 0, '2017-08-08 23:16:27', '2017-08-08 23:16:27'),
(512, 16, 8, 12, 0, '2017-08-08 23:16:27', '2017-08-08 23:16:27'),
(513, 16, 9, 12, 0, '2017-08-08 23:16:27', '2017-08-08 23:16:27'),
(514, 16, 10, 12, 0, '2017-08-08 23:16:27', '2017-08-08 23:16:27'),
(515, 16, 11, 12, 0, '2017-08-08 23:16:27', '2017-08-08 23:16:27'),
(516, 16, 12, 12, 0, '2017-08-08 23:16:27', '2017-08-08 23:16:27'),
(517, 16, 1, 13, 1, '2017-08-08 23:16:27', '2017-08-08 23:16:27'),
(518, 16, 2, 13, 0, '2017-08-08 23:16:27', '2017-08-08 23:16:27'),
(519, 16, 3, 13, 0, '2017-08-08 23:16:27', '2017-08-08 23:16:27'),
(520, 16, 4, 13, 0, '2017-08-08 23:16:27', '2017-08-08 23:16:27'),
(521, 16, 5, 13, 0, '2017-08-08 23:16:27', '2017-08-08 23:16:27'),
(522, 16, 6, 13, 0, '2017-08-08 23:16:27', '2017-08-08 23:16:27'),
(523, 16, 7, 13, 0, '2017-08-08 23:16:27', '2017-08-08 23:16:27'),
(524, 16, 8, 13, 0, '2017-08-08 23:16:27', '2017-08-08 23:16:27'),
(525, 16, 9, 13, 0, '2017-08-08 23:16:27', '2017-08-08 23:16:27'),
(526, 16, 10, 13, 0, '2017-08-08 23:16:27', '2017-08-08 23:16:27'),
(527, 16, 11, 13, 0, '2017-08-08 23:16:27', '2017-08-08 23:16:27'),
(528, 16, 12, 13, 0, '2017-08-08 23:16:27', '2017-08-08 23:16:27'),
(529, 17, 1, 11, 1, '2017-08-09 03:14:00', '2017-08-09 03:15:10'),
(530, 17, 2, 11, 0, '2017-08-09 03:14:00', '2017-08-09 03:15:10'),
(531, 17, 3, 11, 0, '2017-08-09 03:14:00', '2017-08-09 03:15:10'),
(532, 17, 4, 11, 0, '2017-08-09 03:14:00', '2017-08-09 03:15:10'),
(533, 17, 5, 11, 0, '2017-08-09 03:14:00', '2017-08-09 03:15:10'),
(534, 17, 6, 11, 0, '2017-08-09 03:14:00', '2017-08-09 03:15:10'),
(535, 17, 7, 11, 0, '2017-08-09 03:14:00', '2017-08-09 03:15:10'),
(536, 17, 8, 11, 0, '2017-08-09 03:14:00', '2017-08-09 03:15:10'),
(537, 17, 9, 11, 0, '2017-08-09 03:14:00', '2017-08-09 03:15:10'),
(538, 17, 10, 11, 0, '2017-08-09 03:14:00', '2017-08-09 03:15:10'),
(539, 17, 11, 11, 0, '2017-08-09 03:14:00', '2017-08-09 03:15:10'),
(540, 17, 12, 11, 0, '2017-08-09 03:14:00', '2017-08-09 03:15:10'),
(541, 17, 1, 11, 0, '2017-08-09 03:14:00', '2017-08-09 03:15:10'),
(542, 17, 2, 11, 0, '2017-08-09 03:14:00', '2017-08-09 03:15:10'),
(543, 17, 3, 11, 1, '2017-08-09 03:14:00', '2017-08-09 03:15:10'),
(544, 17, 4, 11, 0, '2017-08-09 03:14:00', '2017-08-09 03:15:10'),
(545, 17, 5, 11, 0, '2017-08-09 03:14:00', '2017-08-09 03:15:10'),
(546, 17, 6, 11, 0, '2017-08-09 03:14:00', '2017-08-09 03:15:10'),
(547, 17, 7, 11, 0, '2017-08-09 03:14:00', '2017-08-09 03:15:10'),
(548, 17, 8, 11, 0, '2017-08-09 03:14:00', '2017-08-09 03:15:10'),
(549, 17, 9, 11, 0, '2017-08-09 03:14:00', '2017-08-09 03:15:10'),
(550, 17, 10, 11, 0, '2017-08-09 03:14:00', '2017-08-09 03:15:10'),
(551, 17, 11, 11, 0, '2017-08-09 03:14:00', '2017-08-09 03:15:10'),
(552, 17, 12, 11, 0, '2017-08-09 03:14:00', '2017-08-09 03:15:10'),
(553, 17, 1, 12, 0, '2017-08-09 03:14:00', '2017-08-09 03:15:10'),
(554, 17, 2, 12, 0, '2017-08-09 03:14:00', '2017-08-09 03:15:10'),
(555, 17, 3, 12, 1, '2017-08-09 03:14:00', '2017-08-09 03:15:10'),
(556, 17, 4, 12, 0, '2017-08-09 03:14:00', '2017-08-09 03:15:10'),
(557, 17, 5, 12, 0, '2017-08-09 03:14:00', '2017-08-09 03:15:10'),
(558, 17, 6, 12, 0, '2017-08-09 03:14:00', '2017-08-09 03:15:10'),
(559, 17, 7, 12, 0, '2017-08-09 03:14:00', '2017-08-09 03:15:10'),
(560, 17, 8, 12, 0, '2017-08-09 03:14:00', '2017-08-09 03:15:10'),
(561, 17, 9, 12, 0, '2017-08-09 03:14:00', '2017-08-09 03:15:10'),
(562, 17, 10, 12, 0, '2017-08-09 03:14:00', '2017-08-09 03:15:10'),
(563, 17, 11, 12, 0, '2017-08-09 03:14:00', '2017-08-09 03:15:10'),
(564, 17, 12, 12, 0, '2017-08-09 03:14:00', '2017-08-09 03:15:10'),
(565, 17, 1, 12, 0, '2017-08-09 03:14:00', '2017-08-09 03:15:10'),
(566, 17, 2, 12, 0, '2017-08-09 03:14:00', '2017-08-09 03:15:10'),
(567, 17, 3, 12, 0, '2017-08-09 03:14:00', '2017-08-09 03:15:10'),
(568, 17, 4, 12, 1, '2017-08-09 03:14:00', '2017-08-09 03:15:10'),
(569, 17, 5, 12, 0, '2017-08-09 03:14:00', '2017-08-09 03:15:10'),
(570, 17, 6, 12, 0, '2017-08-09 03:14:00', '2017-08-09 03:15:10'),
(571, 17, 7, 12, 0, '2017-08-09 03:14:00', '2017-08-09 03:15:10'),
(572, 17, 8, 12, 0, '2017-08-09 03:14:00', '2017-08-09 03:15:10'),
(573, 17, 9, 12, 0, '2017-08-09 03:14:00', '2017-08-09 03:15:10'),
(574, 17, 10, 12, 0, '2017-08-09 03:14:00', '2017-08-09 03:15:10'),
(575, 17, 11, 12, 0, '2017-08-09 03:14:00', '2017-08-09 03:15:10'),
(576, 17, 12, 12, 0, '2017-08-09 03:14:00', '2017-08-09 03:15:10'),
(577, 17, 1, 13, 0, '2017-08-09 03:14:00', '2017-08-09 03:15:10'),
(578, 17, 2, 13, 1, '2017-08-09 03:14:00', '2017-08-09 03:15:10'),
(579, 17, 3, 13, 0, '2017-08-09 03:14:00', '2017-08-09 03:15:10'),
(580, 17, 4, 13, 0, '2017-08-09 03:14:00', '2017-08-09 03:15:10'),
(581, 17, 5, 13, 0, '2017-08-09 03:14:00', '2017-08-09 03:15:10'),
(582, 17, 6, 13, 0, '2017-08-09 03:14:00', '2017-08-09 03:15:10'),
(583, 17, 7, 13, 0, '2017-08-09 03:14:00', '2017-08-09 03:15:10'),
(584, 17, 8, 13, 0, '2017-08-09 03:14:00', '2017-08-09 03:15:10'),
(585, 17, 9, 13, 0, '2017-08-09 03:14:00', '2017-08-09 03:15:10'),
(586, 17, 10, 13, 0, '2017-08-09 03:14:01', '2017-08-09 03:15:10'),
(587, 17, 11, 13, 0, '2017-08-09 03:14:01', '2017-08-09 03:15:10'),
(588, 17, 12, 13, 0, '2017-08-09 03:14:01', '2017-08-09 03:15:10'),
(589, 17, 1, 13, 0, '2017-08-09 03:14:01', '2017-08-09 03:15:10'),
(590, 17, 2, 13, 0, '2017-08-09 03:14:01', '2017-08-09 03:15:10'),
(591, 17, 3, 13, 1, '2017-08-09 03:14:01', '2017-08-09 03:15:10'),
(592, 17, 4, 13, 0, '2017-08-09 03:14:01', '2017-08-09 03:15:10'),
(593, 17, 5, 13, 0, '2017-08-09 03:14:01', '2017-08-09 03:15:10'),
(594, 17, 6, 13, 0, '2017-08-09 03:14:01', '2017-08-09 03:15:10'),
(595, 17, 7, 13, 0, '2017-08-09 03:14:01', '2017-08-09 03:15:10'),
(596, 17, 8, 13, 0, '2017-08-09 03:14:01', '2017-08-09 03:15:10'),
(597, 17, 9, 13, 0, '2017-08-09 03:14:01', '2017-08-09 03:15:10'),
(598, 17, 10, 13, 0, '2017-08-09 03:14:01', '2017-08-09 03:15:10'),
(599, 17, 11, 13, 0, '2017-08-09 03:14:01', '2017-08-09 03:15:10'),
(600, 17, 12, 13, 0, '2017-08-09 03:14:01', '2017-08-09 03:15:10'),
(601, 19, 1, 11, 0, '2017-08-09 03:20:53', '2017-08-09 03:21:41'),
(602, 19, 2, 11, 0, '2017-08-09 03:20:53', '2017-08-09 03:21:41'),
(603, 19, 3, 11, 0, '2017-08-09 03:20:53', '2017-08-09 03:21:41'),
(604, 19, 4, 11, 0, '2017-08-09 03:20:53', '2017-08-09 03:21:41'),
(605, 19, 5, 11, 1, '2017-08-09 03:20:53', '2017-08-09 03:21:40'),
(606, 19, 6, 11, 0, '2017-08-09 03:20:53', '2017-08-09 03:21:41'),
(607, 19, 7, 11, 0, '2017-08-09 03:20:53', '2017-08-09 03:21:41'),
(608, 19, 8, 11, 0, '2017-08-09 03:20:53', '2017-08-09 03:21:41'),
(609, 19, 9, 11, 0, '2017-08-09 03:20:53', '2017-08-09 03:21:41'),
(610, 19, 10, 11, 0, '2017-08-09 03:20:53', '2017-08-09 03:21:41'),
(611, 19, 11, 11, 0, '2017-08-09 03:20:53', '2017-08-09 03:21:41'),
(612, 19, 12, 11, 0, '2017-08-09 03:20:53', '2017-08-09 03:21:41'),
(613, 19, 1, 11, 0, '2017-08-09 03:20:53', '2017-08-09 03:21:41'),
(614, 19, 2, 11, 0, '2017-08-09 03:20:53', '2017-08-09 03:21:41'),
(615, 19, 3, 11, 0, '2017-08-09 03:20:53', '2017-08-09 03:21:41'),
(616, 19, 4, 11, 0, '2017-08-09 03:20:53', '2017-08-09 03:21:41'),
(617, 19, 5, 11, 0, '2017-08-09 03:20:53', '2017-08-09 03:21:41'),
(618, 19, 6, 11, 0, '2017-08-09 03:20:53', '2017-08-09 03:21:41'),
(619, 19, 7, 11, 0, '2017-08-09 03:20:53', '2017-08-09 03:21:41'),
(620, 19, 8, 11, 1, '2017-08-09 03:20:53', '2017-08-09 03:21:40'),
(621, 19, 9, 11, 0, '2017-08-09 03:20:53', '2017-08-09 03:21:41'),
(622, 19, 10, 11, 0, '2017-08-09 03:20:53', '2017-08-09 03:21:41'),
(623, 19, 11, 11, 0, '2017-08-09 03:20:53', '2017-08-09 03:21:41'),
(624, 19, 12, 11, 0, '2017-08-09 03:20:53', '2017-08-09 03:21:41'),
(625, 19, 1, 12, 1, '2017-08-09 03:20:53', '2017-08-09 03:21:41'),
(626, 19, 2, 12, 0, '2017-08-09 03:20:53', '2017-08-09 03:21:41'),
(627, 19, 3, 12, 0, '2017-08-09 03:20:53', '2017-08-09 03:21:41'),
(628, 19, 4, 12, 0, '2017-08-09 03:20:53', '2017-08-09 03:21:41'),
(629, 19, 5, 12, 0, '2017-08-09 03:20:53', '2017-08-09 03:21:41'),
(630, 19, 6, 12, 0, '2017-08-09 03:20:53', '2017-08-09 03:21:41'),
(631, 19, 7, 12, 0, '2017-08-09 03:20:53', '2017-08-09 03:21:41'),
(632, 19, 8, 12, 0, '2017-08-09 03:20:53', '2017-08-09 03:21:41'),
(633, 19, 9, 12, 0, '2017-08-09 03:20:53', '2017-08-09 03:21:41'),
(634, 19, 10, 12, 0, '2017-08-09 03:20:53', '2017-08-09 03:21:41'),
(635, 19, 11, 12, 0, '2017-08-09 03:20:53', '2017-08-09 03:21:41'),
(636, 19, 12, 12, 0, '2017-08-09 03:20:53', '2017-08-09 03:21:41'),
(637, 19, 1, 12, 0, '2017-08-09 03:20:53', '2017-08-09 03:21:41'),
(638, 19, 2, 12, 0, '2017-08-09 03:20:53', '2017-08-09 03:21:41'),
(639, 19, 3, 12, 0, '2017-08-09 03:20:53', '2017-08-09 03:21:41'),
(640, 19, 4, 12, 1, '2017-08-09 03:20:53', '2017-08-09 03:21:41'),
(641, 19, 5, 12, 0, '2017-08-09 03:20:53', '2017-08-09 03:21:41'),
(642, 19, 6, 12, 0, '2017-08-09 03:20:53', '2017-08-09 03:21:41'),
(643, 19, 7, 12, 0, '2017-08-09 03:20:53', '2017-08-09 03:21:41'),
(644, 19, 8, 12, 0, '2017-08-09 03:20:53', '2017-08-09 03:21:41'),
(645, 19, 9, 12, 0, '2017-08-09 03:20:53', '2017-08-09 03:21:41'),
(646, 19, 10, 12, 0, '2017-08-09 03:20:53', '2017-08-09 03:21:41'),
(647, 19, 11, 12, 0, '2017-08-09 03:20:53', '2017-08-09 03:21:41'),
(648, 19, 12, 12, 0, '2017-08-09 03:20:53', '2017-08-09 03:21:41'),
(649, 19, 1, 13, 1, '2017-08-09 03:20:53', '2017-08-09 03:21:41'),
(650, 19, 2, 13, 0, '2017-08-09 03:20:53', '2017-08-09 03:21:41'),
(651, 19, 3, 13, 0, '2017-08-09 03:20:53', '2017-08-09 03:21:41'),
(652, 19, 4, 13, 0, '2017-08-09 03:20:53', '2017-08-09 03:21:41'),
(653, 19, 5, 13, 0, '2017-08-09 03:20:53', '2017-08-09 03:21:41'),
(654, 19, 6, 13, 0, '2017-08-09 03:20:53', '2017-08-09 03:21:41'),
(655, 19, 7, 13, 0, '2017-08-09 03:20:53', '2017-08-09 03:21:41'),
(656, 19, 8, 13, 0, '2017-08-09 03:20:53', '2017-08-09 03:21:41'),
(657, 19, 9, 13, 0, '2017-08-09 03:20:53', '2017-08-09 03:21:41'),
(658, 19, 10, 13, 0, '2017-08-09 03:20:53', '2017-08-09 03:21:41'),
(659, 19, 11, 13, 0, '2017-08-09 03:20:53', '2017-08-09 03:21:41'),
(660, 19, 12, 13, 0, '2017-08-09 03:20:53', '2017-08-09 03:21:41'),
(661, 19, 1, 13, 0, '2017-08-09 03:20:53', '2017-08-09 03:21:41'),
(662, 19, 2, 13, 0, '2017-08-09 03:20:53', '2017-08-09 03:21:41'),
(663, 19, 3, 13, 1, '2017-08-09 03:20:53', '2017-08-09 03:21:41'),
(664, 19, 4, 13, 0, '2017-08-09 03:20:54', '2017-08-09 03:21:41'),
(665, 19, 5, 13, 0, '2017-08-09 03:20:54', '2017-08-09 03:21:41'),
(666, 19, 6, 13, 0, '2017-08-09 03:20:54', '2017-08-09 03:21:41'),
(667, 19, 7, 13, 0, '2017-08-09 03:20:54', '2017-08-09 03:21:41'),
(668, 19, 8, 13, 0, '2017-08-09 03:20:54', '2017-08-09 03:21:41'),
(669, 19, 9, 13, 0, '2017-08-09 03:20:54', '2017-08-09 03:21:41'),
(670, 19, 10, 13, 0, '2017-08-09 03:20:54', '2017-08-09 03:21:41'),
(671, 19, 11, 13, 0, '2017-08-09 03:20:54', '2017-08-09 03:21:41'),
(672, 19, 12, 13, 0, '2017-08-09 03:20:54', '2017-08-09 03:21:41'),
(673, 21, 1, 11, 1, '2017-08-09 03:26:38', '2017-08-09 03:26:38'),
(674, 21, 2, 11, 0, '2017-08-09 03:26:38', '2017-08-09 03:26:38'),
(675, 21, 3, 11, 0, '2017-08-09 03:26:38', '2017-08-09 03:26:38'),
(676, 21, 4, 11, 0, '2017-08-09 03:26:38', '2017-08-09 03:26:38'),
(677, 21, 5, 11, 0, '2017-08-09 03:26:38', '2017-08-09 03:26:38'),
(678, 21, 6, 11, 0, '2017-08-09 03:26:38', '2017-08-09 03:26:38'),
(679, 21, 7, 11, 0, '2017-08-09 03:26:38', '2017-08-09 03:26:38'),
(680, 21, 8, 11, 0, '2017-08-09 03:26:38', '2017-08-09 03:26:38'),
(681, 21, 9, 11, 0, '2017-08-09 03:26:38', '2017-08-09 03:26:38'),
(682, 21, 10, 11, 0, '2017-08-09 03:26:38', '2017-08-09 03:26:38'),
(683, 21, 11, 11, 0, '2017-08-09 03:26:38', '2017-08-09 03:26:38'),
(684, 21, 12, 11, 0, '2017-08-09 03:26:38', '2017-08-09 03:26:38'),
(685, 21, 1, 11, 0, '2017-08-09 03:26:38', '2017-08-09 03:26:38'),
(686, 21, 2, 11, 0, '2017-08-09 03:26:38', '2017-08-09 03:26:38'),
(687, 21, 3, 11, 1, '2017-08-09 03:26:38', '2017-08-09 03:26:38'),
(688, 21, 4, 11, 0, '2017-08-09 03:26:38', '2017-08-09 03:26:38'),
(689, 21, 5, 11, 0, '2017-08-09 03:26:38', '2017-08-09 03:26:38'),
(690, 21, 6, 11, 0, '2017-08-09 03:26:38', '2017-08-09 03:26:38'),
(691, 21, 7, 11, 0, '2017-08-09 03:26:38', '2017-08-09 03:26:38'),
(692, 21, 8, 11, 0, '2017-08-09 03:26:38', '2017-08-09 03:26:38'),
(693, 21, 9, 11, 0, '2017-08-09 03:26:38', '2017-08-09 03:26:38'),
(694, 21, 10, 11, 0, '2017-08-09 03:26:38', '2017-08-09 03:26:38'),
(695, 21, 11, 11, 0, '2017-08-09 03:26:38', '2017-08-09 03:26:38'),
(696, 21, 12, 11, 0, '2017-08-09 03:26:38', '2017-08-09 03:26:38'),
(697, 21, 1, 12, 1, '2017-08-09 03:26:38', '2017-08-09 03:26:38'),
(698, 21, 2, 12, 0, '2017-08-09 03:26:38', '2017-08-09 03:26:38'),
(699, 21, 3, 12, 0, '2017-08-09 03:26:38', '2017-08-09 03:26:38'),
(700, 21, 4, 12, 0, '2017-08-09 03:26:38', '2017-08-09 03:26:38'),
(701, 21, 5, 12, 0, '2017-08-09 03:26:38', '2017-08-09 03:26:38'),
(702, 21, 6, 12, 0, '2017-08-09 03:26:38', '2017-08-09 03:26:38'),
(703, 21, 7, 12, 0, '2017-08-09 03:26:38', '2017-08-09 03:26:38'),
(704, 21, 8, 12, 0, '2017-08-09 03:26:38', '2017-08-09 03:26:38'),
(705, 21, 9, 12, 0, '2017-08-09 03:26:38', '2017-08-09 03:26:38'),
(706, 21, 10, 12, 0, '2017-08-09 03:26:38', '2017-08-09 03:26:38'),
(707, 21, 11, 12, 0, '2017-08-09 03:26:38', '2017-08-09 03:26:38'),
(708, 21, 12, 12, 0, '2017-08-09 03:26:38', '2017-08-09 03:26:38'),
(709, 21, 1, 12, 0, '2017-08-09 03:26:38', '2017-08-09 03:26:38'),
(710, 21, 2, 12, 0, '2017-08-09 03:26:38', '2017-08-09 03:26:38'),
(711, 21, 3, 12, 0, '2017-08-09 03:26:38', '2017-08-09 03:26:38'),
(712, 21, 4, 12, 1, '2017-08-09 03:26:38', '2017-08-09 03:26:38'),
(713, 21, 5, 12, 0, '2017-08-09 03:26:38', '2017-08-09 03:26:38'),
(714, 21, 6, 12, 0, '2017-08-09 03:26:38', '2017-08-09 03:26:38'),
(715, 21, 7, 12, 0, '2017-08-09 03:26:38', '2017-08-09 03:26:38'),
(716, 21, 8, 12, 0, '2017-08-09 03:26:38', '2017-08-09 03:26:38'),
(717, 21, 9, 12, 0, '2017-08-09 03:26:38', '2017-08-09 03:26:38'),
(718, 21, 10, 12, 0, '2017-08-09 03:26:38', '2017-08-09 03:26:38'),
(719, 21, 11, 12, 0, '2017-08-09 03:26:38', '2017-08-09 03:26:38'),
(720, 21, 12, 12, 0, '2017-08-09 03:26:38', '2017-08-09 03:26:38'),
(721, 21, 1, 13, 1, '2017-08-09 03:26:38', '2017-08-09 03:26:38'),
(722, 21, 2, 13, 0, '2017-08-09 03:26:38', '2017-08-09 03:26:38'),
(723, 21, 3, 13, 0, '2017-08-09 03:26:38', '2017-08-09 03:26:38'),
(724, 21, 4, 13, 0, '2017-08-09 03:26:38', '2017-08-09 03:26:38'),
(725, 21, 5, 13, 0, '2017-08-09 03:26:38', '2017-08-09 03:26:38'),
(726, 21, 6, 13, 0, '2017-08-09 03:26:38', '2017-08-09 03:26:38'),
(727, 21, 7, 13, 0, '2017-08-09 03:26:38', '2017-08-09 03:26:38'),
(728, 21, 8, 13, 0, '2017-08-09 03:26:38', '2017-08-09 03:26:38'),
(729, 21, 9, 13, 0, '2017-08-09 03:26:38', '2017-08-09 03:26:38'),
(730, 21, 10, 13, 0, '2017-08-09 03:26:38', '2017-08-09 03:26:38'),
(731, 21, 11, 13, 0, '2017-08-09 03:26:38', '2017-08-09 03:26:38'),
(732, 21, 12, 13, 0, '2017-08-09 03:26:38', '2017-08-09 03:26:38'),
(733, 21, 1, 13, 0, '2017-08-09 03:26:38', '2017-08-09 03:26:38'),
(734, 21, 2, 13, 0, '2017-08-09 03:26:38', '2017-08-09 03:26:38'),
(735, 21, 3, 13, 1, '2017-08-09 03:26:38', '2017-08-09 03:26:38'),
(736, 21, 4, 13, 0, '2017-08-09 03:26:38', '2017-08-09 03:26:38'),
(737, 21, 5, 13, 0, '2017-08-09 03:26:38', '2017-08-09 03:26:38'),
(738, 21, 6, 13, 0, '2017-08-09 03:26:38', '2017-08-09 03:26:38'),
(739, 21, 7, 13, 0, '2017-08-09 03:26:38', '2017-08-09 03:26:38'),
(740, 21, 8, 13, 0, '2017-08-09 03:26:38', '2017-08-09 03:26:38'),
(741, 21, 9, 13, 0, '2017-08-09 03:26:38', '2017-08-09 03:26:38'),
(742, 21, 10, 13, 0, '2017-08-09 03:26:38', '2017-08-09 03:26:38'),
(743, 21, 11, 13, 0, '2017-08-09 03:26:38', '2017-08-09 03:26:38'),
(744, 21, 12, 13, 0, '2017-08-09 03:26:38', '2017-08-09 03:26:38'),
(745, 23, 1, 11, 1, '2017-08-09 03:30:44', '2017-08-09 03:30:44'),
(746, 23, 2, 11, 0, '2017-08-09 03:30:44', '2017-08-09 03:30:44'),
(747, 23, 3, 11, 0, '2017-08-09 03:30:44', '2017-08-09 03:30:44'),
(748, 23, 4, 11, 0, '2017-08-09 03:30:44', '2017-08-09 03:30:44'),
(749, 23, 5, 11, 0, '2017-08-09 03:30:44', '2017-08-09 03:30:44'),
(750, 23, 6, 11, 0, '2017-08-09 03:30:44', '2017-08-09 03:30:44'),
(751, 23, 7, 11, 0, '2017-08-09 03:30:44', '2017-08-09 03:30:44'),
(752, 23, 8, 11, 0, '2017-08-09 03:30:44', '2017-08-09 03:30:44'),
(753, 23, 9, 11, 0, '2017-08-09 03:30:44', '2017-08-09 03:30:44'),
(754, 23, 10, 11, 0, '2017-08-09 03:30:44', '2017-08-09 03:30:44'),
(755, 23, 11, 11, 0, '2017-08-09 03:30:44', '2017-08-09 03:30:44'),
(756, 23, 12, 11, 0, '2017-08-09 03:30:44', '2017-08-09 03:30:44'),
(757, 23, 1, 11, 0, '2017-08-09 03:30:44', '2017-08-09 03:30:44'),
(758, 23, 2, 11, 0, '2017-08-09 03:30:44', '2017-08-09 03:30:44'),
(759, 23, 3, 11, 0, '2017-08-09 03:30:44', '2017-08-09 03:30:44'),
(760, 23, 4, 11, 1, '2017-08-09 03:30:44', '2017-08-09 03:30:44'),
(761, 23, 5, 11, 0, '2017-08-09 03:30:44', '2017-08-09 03:30:44'),
(762, 23, 6, 11, 0, '2017-08-09 03:30:44', '2017-08-09 03:30:44'),
(763, 23, 7, 11, 0, '2017-08-09 03:30:44', '2017-08-09 03:30:44'),
(764, 23, 8, 11, 0, '2017-08-09 03:30:44', '2017-08-09 03:30:44'),
(765, 23, 9, 11, 0, '2017-08-09 03:30:44', '2017-08-09 03:30:44'),
(766, 23, 10, 11, 0, '2017-08-09 03:30:44', '2017-08-09 03:30:44'),
(767, 23, 11, 11, 0, '2017-08-09 03:30:44', '2017-08-09 03:30:44'),
(768, 23, 12, 11, 0, '2017-08-09 03:30:44', '2017-08-09 03:30:44'),
(769, 23, 1, 12, 1, '2017-08-09 03:30:44', '2017-08-09 03:30:44'),
(770, 23, 2, 12, 0, '2017-08-09 03:30:44', '2017-08-09 03:30:44'),
(771, 23, 3, 12, 0, '2017-08-09 03:30:44', '2017-08-09 03:30:44'),
(772, 23, 4, 12, 0, '2017-08-09 03:30:44', '2017-08-09 03:30:44'),
(773, 23, 5, 12, 0, '2017-08-09 03:30:44', '2017-08-09 03:30:44'),
(774, 23, 6, 12, 0, '2017-08-09 03:30:44', '2017-08-09 03:30:44'),
(775, 23, 7, 12, 0, '2017-08-09 03:30:44', '2017-08-09 03:30:44'),
(776, 23, 8, 12, 0, '2017-08-09 03:30:44', '2017-08-09 03:30:44'),
(777, 23, 9, 12, 0, '2017-08-09 03:30:44', '2017-08-09 03:30:44'),
(778, 23, 10, 12, 0, '2017-08-09 03:30:44', '2017-08-09 03:30:44'),
(779, 23, 11, 12, 0, '2017-08-09 03:30:44', '2017-08-09 03:30:44'),
(780, 23, 12, 12, 0, '2017-08-09 03:30:44', '2017-08-09 03:30:44'),
(781, 23, 1, 13, 1, '2017-08-09 03:30:44', '2017-08-09 03:30:44'),
(782, 23, 2, 13, 0, '2017-08-09 03:30:44', '2017-08-09 03:30:44'),
(783, 23, 3, 13, 0, '2017-08-09 03:30:44', '2017-08-09 03:30:44'),
(784, 23, 4, 13, 0, '2017-08-09 03:30:44', '2017-08-09 03:30:44'),
(785, 23, 5, 13, 0, '2017-08-09 03:30:44', '2017-08-09 03:30:44'),
(786, 23, 6, 13, 0, '2017-08-09 03:30:44', '2017-08-09 03:30:44'),
(787, 23, 7, 13, 0, '2017-08-09 03:30:44', '2017-08-09 03:30:44'),
(788, 23, 8, 13, 0, '2017-08-09 03:30:44', '2017-08-09 03:30:44'),
(789, 23, 9, 13, 0, '2017-08-09 03:30:44', '2017-08-09 03:30:44'),
(790, 23, 10, 13, 0, '2017-08-09 03:30:44', '2017-08-09 03:30:44'),
(791, 23, 11, 13, 0, '2017-08-09 03:30:44', '2017-08-09 03:30:44'),
(792, 23, 12, 13, 0, '2017-08-09 03:30:44', '2017-08-09 03:30:44'),
(793, 23, 1, 13, 0, '2017-08-09 03:30:44', '2017-08-09 03:30:44'),
(794, 23, 2, 13, 1, '2017-08-09 03:30:44', '2017-08-09 03:30:44'),
(795, 23, 3, 13, 0, '2017-08-09 03:30:44', '2017-08-09 03:30:44'),
(796, 23, 4, 13, 0, '2017-08-09 03:30:44', '2017-08-09 03:30:44'),
(797, 23, 5, 13, 0, '2017-08-09 03:30:44', '2017-08-09 03:30:44'),
(798, 23, 6, 13, 0, '2017-08-09 03:30:44', '2017-08-09 03:30:44'),
(799, 23, 7, 13, 0, '2017-08-09 03:30:44', '2017-08-09 03:30:44'),
(800, 23, 8, 13, 0, '2017-08-09 03:30:44', '2017-08-09 03:30:44'),
(801, 23, 9, 13, 0, '2017-08-09 03:30:44', '2017-08-09 03:30:44'),
(802, 23, 10, 13, 0, '2017-08-09 03:30:44', '2017-08-09 03:30:44'),
(803, 23, 11, 13, 0, '2017-08-09 03:30:44', '2017-08-09 03:30:44'),
(804, 23, 12, 13, 0, '2017-08-09 03:30:44', '2017-08-09 03:30:44'),
(805, 23, 1, 13, 0, '2017-08-09 03:30:44', '2017-08-09 03:30:44');
INSERT INTO `vinculacions_ambitos` (`id`, `id_vinculacions`, `id_ambitos`, `id_tipo`, `cheked`, `created_at`, `updated_at`) VALUES
(806, 23, 2, 13, 0, '2017-08-09 03:30:44', '2017-08-09 03:30:44'),
(807, 23, 3, 13, 0, '2017-08-09 03:30:44', '2017-08-09 03:30:44'),
(808, 23, 4, 13, 1, '2017-08-09 03:30:44', '2017-08-09 03:30:44'),
(809, 23, 5, 13, 0, '2017-08-09 03:30:44', '2017-08-09 03:30:44'),
(810, 23, 6, 13, 0, '2017-08-09 03:30:44', '2017-08-09 03:30:44'),
(811, 23, 7, 13, 0, '2017-08-09 03:30:44', '2017-08-09 03:30:44'),
(812, 23, 8, 13, 0, '2017-08-09 03:30:44', '2017-08-09 03:30:44'),
(813, 23, 9, 13, 0, '2017-08-09 03:30:44', '2017-08-09 03:30:44'),
(814, 23, 10, 13, 0, '2017-08-09 03:30:44', '2017-08-09 03:30:44'),
(815, 23, 11, 13, 0, '2017-08-09 03:30:44', '2017-08-09 03:30:44'),
(816, 23, 12, 13, 0, '2017-08-09 03:30:44', '2017-08-09 03:30:44'),
(817, 24, 1, 11, 1, '2017-08-09 03:35:01', '2017-08-09 03:35:01'),
(818, 24, 2, 11, 0, '2017-08-09 03:35:01', '2017-08-09 03:35:01'),
(819, 24, 3, 11, 0, '2017-08-09 03:35:01', '2017-08-09 03:35:01'),
(820, 24, 4, 11, 0, '2017-08-09 03:35:01', '2017-08-09 03:35:01'),
(821, 24, 5, 11, 0, '2017-08-09 03:35:01', '2017-08-09 03:35:01'),
(822, 24, 6, 11, 0, '2017-08-09 03:35:01', '2017-08-09 03:35:01'),
(823, 24, 7, 11, 0, '2017-08-09 03:35:01', '2017-08-09 03:35:01'),
(824, 24, 8, 11, 0, '2017-08-09 03:35:01', '2017-08-09 03:35:01'),
(825, 24, 9, 11, 0, '2017-08-09 03:35:01', '2017-08-09 03:35:01'),
(826, 24, 10, 11, 0, '2017-08-09 03:35:01', '2017-08-09 03:35:01'),
(827, 24, 11, 11, 0, '2017-08-09 03:35:01', '2017-08-09 03:35:01'),
(828, 24, 12, 11, 0, '2017-08-09 03:35:01', '2017-08-09 03:35:01'),
(829, 24, 1, 11, 0, '2017-08-09 03:35:01', '2017-08-09 03:35:01'),
(830, 24, 2, 11, 0, '2017-08-09 03:35:01', '2017-08-09 03:35:01'),
(831, 24, 3, 11, 0, '2017-08-09 03:35:01', '2017-08-09 03:35:01'),
(832, 24, 4, 11, 0, '2017-08-09 03:35:01', '2017-08-09 03:35:01'),
(833, 24, 5, 11, 1, '2017-08-09 03:35:01', '2017-08-09 03:35:01'),
(834, 24, 6, 11, 0, '2017-08-09 03:35:01', '2017-08-09 03:35:01'),
(835, 24, 7, 11, 0, '2017-08-09 03:35:01', '2017-08-09 03:35:01'),
(836, 24, 8, 11, 0, '2017-08-09 03:35:01', '2017-08-09 03:35:01'),
(837, 24, 9, 11, 0, '2017-08-09 03:35:01', '2017-08-09 03:35:01'),
(838, 24, 10, 11, 0, '2017-08-09 03:35:01', '2017-08-09 03:35:01'),
(839, 24, 11, 11, 0, '2017-08-09 03:35:01', '2017-08-09 03:35:01'),
(840, 24, 12, 11, 0, '2017-08-09 03:35:01', '2017-08-09 03:35:01'),
(841, 24, 1, 12, 1, '2017-08-09 03:35:01', '2017-08-09 03:35:01'),
(842, 24, 2, 12, 0, '2017-08-09 03:35:01', '2017-08-09 03:35:01'),
(843, 24, 3, 12, 0, '2017-08-09 03:35:01', '2017-08-09 03:35:01'),
(844, 24, 4, 12, 0, '2017-08-09 03:35:01', '2017-08-09 03:35:01'),
(845, 24, 5, 12, 0, '2017-08-09 03:35:01', '2017-08-09 03:35:01'),
(846, 24, 6, 12, 0, '2017-08-09 03:35:01', '2017-08-09 03:35:01'),
(847, 24, 7, 12, 0, '2017-08-09 03:35:01', '2017-08-09 03:35:01'),
(848, 24, 8, 12, 0, '2017-08-09 03:35:01', '2017-08-09 03:35:01'),
(849, 24, 9, 12, 0, '2017-08-09 03:35:01', '2017-08-09 03:35:01'),
(850, 24, 10, 12, 0, '2017-08-09 03:35:01', '2017-08-09 03:35:01'),
(851, 24, 11, 12, 0, '2017-08-09 03:35:01', '2017-08-09 03:35:01'),
(852, 24, 12, 12, 0, '2017-08-09 03:35:01', '2017-08-09 03:35:01'),
(853, 24, 1, 12, 0, '2017-08-09 03:35:01', '2017-08-09 03:35:01'),
(854, 24, 2, 12, 0, '2017-08-09 03:35:01', '2017-08-09 03:35:01'),
(855, 24, 3, 12, 0, '2017-08-09 03:35:01', '2017-08-09 03:35:01'),
(856, 24, 4, 12, 0, '2017-08-09 03:35:01', '2017-08-09 03:35:01'),
(857, 24, 5, 12, 1, '2017-08-09 03:35:01', '2017-08-09 03:35:01'),
(858, 24, 6, 12, 0, '2017-08-09 03:35:01', '2017-08-09 03:35:01'),
(859, 24, 7, 12, 0, '2017-08-09 03:35:01', '2017-08-09 03:35:01'),
(860, 24, 8, 12, 0, '2017-08-09 03:35:01', '2017-08-09 03:35:01'),
(861, 24, 9, 12, 0, '2017-08-09 03:35:01', '2017-08-09 03:35:01'),
(862, 24, 10, 12, 0, '2017-08-09 03:35:01', '2017-08-09 03:35:01'),
(863, 24, 11, 12, 0, '2017-08-09 03:35:01', '2017-08-09 03:35:01'),
(864, 24, 12, 12, 0, '2017-08-09 03:35:01', '2017-08-09 03:35:01'),
(865, 24, 1, 13, 1, '2017-08-09 03:35:01', '2017-08-09 03:35:01'),
(866, 24, 2, 13, 0, '2017-08-09 03:35:01', '2017-08-09 03:35:01'),
(867, 24, 3, 13, 0, '2017-08-09 03:35:01', '2017-08-09 03:35:01'),
(868, 24, 4, 13, 0, '2017-08-09 03:35:01', '2017-08-09 03:35:01'),
(869, 24, 5, 13, 0, '2017-08-09 03:35:01', '2017-08-09 03:35:01'),
(870, 24, 6, 13, 0, '2017-08-09 03:35:01', '2017-08-09 03:35:01'),
(871, 24, 7, 13, 0, '2017-08-09 03:35:01', '2017-08-09 03:35:01'),
(872, 24, 8, 13, 0, '2017-08-09 03:35:01', '2017-08-09 03:35:01'),
(873, 24, 9, 13, 0, '2017-08-09 03:35:01', '2017-08-09 03:35:01'),
(874, 24, 10, 13, 0, '2017-08-09 03:35:01', '2017-08-09 03:35:01'),
(875, 24, 11, 13, 0, '2017-08-09 03:35:01', '2017-08-09 03:35:01'),
(876, 24, 12, 13, 0, '2017-08-09 03:35:01', '2017-08-09 03:35:01'),
(877, 24, 1, 13, 0, '2017-08-09 03:35:01', '2017-08-09 03:35:01'),
(878, 24, 2, 13, 0, '2017-08-09 03:35:01', '2017-08-09 03:35:01'),
(879, 24, 3, 13, 1, '2017-08-09 03:35:01', '2017-08-09 03:35:01'),
(880, 24, 4, 13, 0, '2017-08-09 03:35:01', '2017-08-09 03:35:01'),
(881, 24, 5, 13, 0, '2017-08-09 03:35:01', '2017-08-09 03:35:01'),
(882, 24, 6, 13, 0, '2017-08-09 03:35:01', '2017-08-09 03:35:01'),
(883, 24, 7, 13, 0, '2017-08-09 03:35:01', '2017-08-09 03:35:01'),
(884, 24, 8, 13, 0, '2017-08-09 03:35:01', '2017-08-09 03:35:01'),
(885, 24, 9, 13, 0, '2017-08-09 03:35:01', '2017-08-09 03:35:01'),
(886, 24, 10, 13, 0, '2017-08-09 03:35:01', '2017-08-09 03:35:01'),
(887, 24, 11, 13, 0, '2017-08-09 03:35:01', '2017-08-09 03:35:01'),
(888, 24, 12, 13, 0, '2017-08-09 03:35:01', '2017-08-09 03:35:01'),
(889, 25, 1, 11, 0, '2017-08-09 03:37:43', '2017-08-09 03:37:43'),
(890, 25, 2, 11, 0, '2017-08-09 03:37:43', '2017-08-09 03:37:43'),
(891, 25, 3, 11, 0, '2017-08-09 03:37:43', '2017-08-09 03:37:43'),
(892, 25, 4, 11, 0, '2017-08-09 03:37:43', '2017-08-09 03:37:43'),
(893, 25, 5, 11, 0, '2017-08-09 03:37:43', '2017-08-09 03:37:43'),
(894, 25, 6, 11, 0, '2017-08-09 03:37:43', '2017-08-09 03:37:43'),
(895, 25, 7, 11, 0, '2017-08-09 03:37:43', '2017-08-09 03:37:43'),
(896, 25, 8, 11, 0, '2017-08-09 03:37:43', '2017-08-09 03:37:43'),
(897, 25, 9, 11, 0, '2017-08-09 03:37:43', '2017-08-09 03:37:43'),
(898, 25, 10, 11, 0, '2017-08-09 03:37:43', '2017-08-09 03:37:43'),
(899, 25, 11, 11, 0, '2017-08-09 03:37:43', '2017-08-09 03:37:43'),
(900, 25, 12, 11, 0, '2017-08-09 03:37:43', '2017-08-09 03:37:43'),
(901, 25, 1, 12, 1, '2017-08-09 03:37:43', '2017-08-09 03:37:43'),
(902, 25, 2, 12, 0, '2017-08-09 03:37:43', '2017-08-09 03:37:43'),
(903, 25, 3, 12, 0, '2017-08-09 03:37:43', '2017-08-09 03:37:43'),
(904, 25, 4, 12, 0, '2017-08-09 03:37:43', '2017-08-09 03:37:43'),
(905, 25, 5, 12, 0, '2017-08-09 03:37:43', '2017-08-09 03:37:43'),
(906, 25, 6, 12, 0, '2017-08-09 03:37:43', '2017-08-09 03:37:43'),
(907, 25, 7, 12, 0, '2017-08-09 03:37:43', '2017-08-09 03:37:43'),
(908, 25, 8, 12, 0, '2017-08-09 03:37:43', '2017-08-09 03:37:43'),
(909, 25, 9, 12, 0, '2017-08-09 03:37:43', '2017-08-09 03:37:43'),
(910, 25, 10, 12, 0, '2017-08-09 03:37:43', '2017-08-09 03:37:43'),
(911, 25, 11, 12, 0, '2017-08-09 03:37:43', '2017-08-09 03:37:43'),
(912, 25, 12, 12, 0, '2017-08-09 03:37:43', '2017-08-09 03:37:43'),
(913, 25, 1, 12, 0, '2017-08-09 03:37:43', '2017-08-09 03:37:43'),
(914, 25, 2, 12, 0, '2017-08-09 03:37:43', '2017-08-09 03:37:43'),
(915, 25, 3, 12, 1, '2017-08-09 03:37:43', '2017-08-09 03:37:43'),
(916, 25, 4, 12, 0, '2017-08-09 03:37:43', '2017-08-09 03:37:43'),
(917, 25, 5, 12, 0, '2017-08-09 03:37:43', '2017-08-09 03:37:43'),
(918, 25, 6, 12, 0, '2017-08-09 03:37:43', '2017-08-09 03:37:43'),
(919, 25, 7, 12, 0, '2017-08-09 03:37:43', '2017-08-09 03:37:43'),
(920, 25, 8, 12, 0, '2017-08-09 03:37:43', '2017-08-09 03:37:43'),
(921, 25, 9, 12, 0, '2017-08-09 03:37:43', '2017-08-09 03:37:43'),
(922, 25, 10, 12, 0, '2017-08-09 03:37:43', '2017-08-09 03:37:43'),
(923, 25, 11, 12, 0, '2017-08-09 03:37:43', '2017-08-09 03:37:43'),
(924, 25, 12, 12, 0, '2017-08-09 03:37:43', '2017-08-09 03:37:43'),
(925, 25, 1, 12, 0, '2017-08-09 03:37:43', '2017-08-09 03:37:43'),
(926, 25, 2, 12, 0, '2017-08-09 03:37:43', '2017-08-09 03:37:43'),
(927, 25, 3, 12, 0, '2017-08-09 03:37:43', '2017-08-09 03:37:43'),
(928, 25, 4, 12, 0, '2017-08-09 03:37:43', '2017-08-09 03:37:43'),
(929, 25, 5, 12, 1, '2017-08-09 03:37:43', '2017-08-09 03:37:43'),
(930, 25, 6, 12, 0, '2017-08-09 03:37:43', '2017-08-09 03:37:43'),
(931, 25, 7, 12, 0, '2017-08-09 03:37:43', '2017-08-09 03:37:43'),
(932, 25, 8, 12, 0, '2017-08-09 03:37:43', '2017-08-09 03:37:43'),
(933, 25, 9, 12, 0, '2017-08-09 03:37:43', '2017-08-09 03:37:43'),
(934, 25, 10, 12, 0, '2017-08-09 03:37:43', '2017-08-09 03:37:43'),
(935, 25, 11, 12, 0, '2017-08-09 03:37:43', '2017-08-09 03:37:43'),
(936, 25, 12, 12, 0, '2017-08-09 03:37:43', '2017-08-09 03:37:43'),
(937, 25, 1, 13, 0, '2017-08-09 03:37:43', '2017-08-09 03:37:43'),
(938, 25, 2, 13, 1, '2017-08-09 03:37:43', '2017-08-09 03:37:43'),
(939, 25, 3, 13, 0, '2017-08-09 03:37:43', '2017-08-09 03:37:43'),
(940, 25, 4, 13, 0, '2017-08-09 03:37:43', '2017-08-09 03:37:43'),
(941, 25, 5, 13, 0, '2017-08-09 03:37:43', '2017-08-09 03:37:43'),
(942, 25, 6, 13, 0, '2017-08-09 03:37:43', '2017-08-09 03:37:43'),
(943, 25, 7, 13, 0, '2017-08-09 03:37:43', '2017-08-09 03:37:43'),
(944, 25, 8, 13, 0, '2017-08-09 03:37:43', '2017-08-09 03:37:43'),
(945, 25, 9, 13, 0, '2017-08-09 03:37:43', '2017-08-09 03:37:43'),
(946, 25, 10, 13, 0, '2017-08-09 03:37:43', '2017-08-09 03:37:43'),
(947, 25, 11, 13, 0, '2017-08-09 03:37:43', '2017-08-09 03:37:43'),
(948, 25, 12, 13, 0, '2017-08-09 03:37:43', '2017-08-09 03:37:43'),
(949, 25, 1, 13, 0, '2017-08-09 03:37:43', '2017-08-09 03:37:43'),
(950, 25, 2, 13, 0, '2017-08-09 03:37:43', '2017-08-09 03:37:43'),
(951, 25, 3, 13, 0, '2017-08-09 03:37:43', '2017-08-09 03:37:43'),
(952, 25, 4, 13, 0, '2017-08-09 03:37:43', '2017-08-09 03:37:43'),
(953, 25, 5, 13, 0, '2017-08-09 03:37:43', '2017-08-09 03:37:43'),
(954, 25, 6, 13, 1, '2017-08-09 03:37:43', '2017-08-09 03:37:43'),
(955, 25, 7, 13, 0, '2017-08-09 03:37:43', '2017-08-09 03:37:43'),
(956, 25, 8, 13, 0, '2017-08-09 03:37:43', '2017-08-09 03:37:43'),
(957, 25, 9, 13, 0, '2017-08-09 03:37:43', '2017-08-09 03:37:43'),
(958, 25, 10, 13, 0, '2017-08-09 03:37:43', '2017-08-09 03:37:43'),
(959, 25, 11, 13, 0, '2017-08-09 03:37:43', '2017-08-09 03:37:43'),
(960, 25, 12, 13, 0, '2017-08-09 03:37:43', '2017-08-09 03:37:43'),
(961, 25, 1, 13, 0, '2017-08-09 03:37:43', '2017-08-09 03:37:43'),
(962, 25, 2, 13, 0, '2017-08-09 03:37:43', '2017-08-09 03:37:43'),
(963, 25, 3, 13, 0, '2017-08-09 03:37:43', '2017-08-09 03:37:43'),
(964, 25, 4, 13, 0, '2017-08-09 03:37:43', '2017-08-09 03:37:43'),
(965, 25, 5, 13, 0, '2017-08-09 03:37:43', '2017-08-09 03:37:43'),
(966, 25, 6, 13, 0, '2017-08-09 03:37:43', '2017-08-09 03:37:43'),
(967, 25, 7, 13, 1, '2017-08-09 03:37:43', '2017-08-09 03:37:43'),
(968, 25, 8, 13, 0, '2017-08-09 03:37:43', '2017-08-09 03:37:43'),
(969, 25, 9, 13, 0, '2017-08-09 03:37:43', '2017-08-09 03:37:43'),
(970, 25, 10, 13, 0, '2017-08-09 03:37:43', '2017-08-09 03:37:43'),
(971, 25, 11, 13, 0, '2017-08-09 03:37:43', '2017-08-09 03:37:43'),
(972, 25, 12, 13, 0, '2017-08-09 03:37:43', '2017-08-09 03:37:43'),
(973, 27, 1, 11, 1, '2017-08-09 03:43:17', '2017-08-09 03:43:17'),
(974, 27, 2, 11, 0, '2017-08-09 03:43:17', '2017-08-09 03:43:17'),
(975, 27, 3, 11, 0, '2017-08-09 03:43:17', '2017-08-09 03:43:17'),
(976, 27, 4, 11, 0, '2017-08-09 03:43:17', '2017-08-09 03:43:17'),
(977, 27, 5, 11, 0, '2017-08-09 03:43:17', '2017-08-09 03:43:17'),
(978, 27, 6, 11, 0, '2017-08-09 03:43:17', '2017-08-09 03:43:17'),
(979, 27, 7, 11, 0, '2017-08-09 03:43:17', '2017-08-09 03:43:17'),
(980, 27, 8, 11, 0, '2017-08-09 03:43:17', '2017-08-09 03:43:17'),
(981, 27, 9, 11, 0, '2017-08-09 03:43:17', '2017-08-09 03:43:17'),
(982, 27, 10, 11, 0, '2017-08-09 03:43:17', '2017-08-09 03:43:17'),
(983, 27, 11, 11, 0, '2017-08-09 03:43:17', '2017-08-09 03:43:17'),
(984, 27, 12, 11, 0, '2017-08-09 03:43:17', '2017-08-09 03:43:17'),
(985, 27, 1, 11, 0, '2017-08-09 03:43:17', '2017-08-09 03:43:17'),
(986, 27, 2, 11, 1, '2017-08-09 03:43:17', '2017-08-09 03:43:17'),
(987, 27, 3, 11, 0, '2017-08-09 03:43:17', '2017-08-09 03:43:17'),
(988, 27, 4, 11, 0, '2017-08-09 03:43:17', '2017-08-09 03:43:17'),
(989, 27, 5, 11, 0, '2017-08-09 03:43:17', '2017-08-09 03:43:17'),
(990, 27, 6, 11, 0, '2017-08-09 03:43:17', '2017-08-09 03:43:17'),
(991, 27, 7, 11, 0, '2017-08-09 03:43:17', '2017-08-09 03:43:17'),
(992, 27, 8, 11, 0, '2017-08-09 03:43:17', '2017-08-09 03:43:17'),
(993, 27, 9, 11, 0, '2017-08-09 03:43:17', '2017-08-09 03:43:17'),
(994, 27, 10, 11, 0, '2017-08-09 03:43:17', '2017-08-09 03:43:17'),
(995, 27, 11, 11, 0, '2017-08-09 03:43:17', '2017-08-09 03:43:17'),
(996, 27, 12, 11, 0, '2017-08-09 03:43:17', '2017-08-09 03:43:17'),
(997, 27, 1, 11, 0, '2017-08-09 03:43:17', '2017-08-09 03:43:17'),
(998, 27, 2, 11, 0, '2017-08-09 03:43:17', '2017-08-09 03:43:17'),
(999, 27, 3, 11, 0, '2017-08-09 03:43:17', '2017-08-09 03:43:17'),
(1000, 27, 4, 11, 1, '2017-08-09 03:43:17', '2017-08-09 03:43:17'),
(1001, 27, 5, 11, 0, '2017-08-09 03:43:17', '2017-08-09 03:43:17'),
(1002, 27, 6, 11, 0, '2017-08-09 03:43:17', '2017-08-09 03:43:17'),
(1003, 27, 7, 11, 0, '2017-08-09 03:43:17', '2017-08-09 03:43:17'),
(1004, 27, 8, 11, 0, '2017-08-09 03:43:17', '2017-08-09 03:43:17'),
(1005, 27, 9, 11, 0, '2017-08-09 03:43:17', '2017-08-09 03:43:17'),
(1006, 27, 10, 11, 0, '2017-08-09 03:43:17', '2017-08-09 03:43:17'),
(1007, 27, 11, 11, 0, '2017-08-09 03:43:17', '2017-08-09 03:43:17'),
(1008, 27, 12, 11, 0, '2017-08-09 03:43:17', '2017-08-09 03:43:17'),
(1009, 27, 1, 12, 1, '2017-08-09 03:43:17', '2017-08-09 03:43:17'),
(1010, 27, 2, 12, 0, '2017-08-09 03:43:17', '2017-08-09 03:43:17'),
(1011, 27, 3, 12, 0, '2017-08-09 03:43:17', '2017-08-09 03:43:17'),
(1012, 27, 4, 12, 0, '2017-08-09 03:43:17', '2017-08-09 03:43:17'),
(1013, 27, 5, 12, 0, '2017-08-09 03:43:17', '2017-08-09 03:43:17'),
(1014, 27, 6, 12, 0, '2017-08-09 03:43:17', '2017-08-09 03:43:17'),
(1015, 27, 7, 12, 0, '2017-08-09 03:43:17', '2017-08-09 03:43:17'),
(1016, 27, 8, 12, 0, '2017-08-09 03:43:17', '2017-08-09 03:43:17'),
(1017, 27, 9, 12, 0, '2017-08-09 03:43:17', '2017-08-09 03:43:17'),
(1018, 27, 10, 12, 0, '2017-08-09 03:43:17', '2017-08-09 03:43:17'),
(1019, 27, 11, 12, 0, '2017-08-09 03:43:17', '2017-08-09 03:43:17'),
(1020, 27, 12, 12, 0, '2017-08-09 03:43:17', '2017-08-09 03:43:17'),
(1021, 27, 1, 12, 0, '2017-08-09 03:43:18', '2017-08-09 03:43:18'),
(1022, 27, 2, 12, 0, '2017-08-09 03:43:18', '2017-08-09 03:43:18'),
(1023, 27, 3, 12, 0, '2017-08-09 03:43:18', '2017-08-09 03:43:18'),
(1024, 27, 4, 12, 0, '2017-08-09 03:43:18', '2017-08-09 03:43:18'),
(1025, 27, 5, 12, 0, '2017-08-09 03:43:18', '2017-08-09 03:43:18'),
(1026, 27, 6, 12, 1, '2017-08-09 03:43:18', '2017-08-09 03:43:18'),
(1027, 27, 7, 12, 0, '2017-08-09 03:43:18', '2017-08-09 03:43:18'),
(1028, 27, 8, 12, 0, '2017-08-09 03:43:18', '2017-08-09 03:43:18'),
(1029, 27, 9, 12, 0, '2017-08-09 03:43:18', '2017-08-09 03:43:18'),
(1030, 27, 10, 12, 0, '2017-08-09 03:43:18', '2017-08-09 03:43:18'),
(1031, 27, 11, 12, 0, '2017-08-09 03:43:18', '2017-08-09 03:43:18'),
(1032, 27, 12, 12, 0, '2017-08-09 03:43:18', '2017-08-09 03:43:18'),
(1033, 27, 1, 12, 0, '2017-08-09 03:43:18', '2017-08-09 03:43:18'),
(1034, 27, 2, 12, 0, '2017-08-09 03:43:18', '2017-08-09 03:43:18'),
(1035, 27, 3, 12, 0, '2017-08-09 03:43:18', '2017-08-09 03:43:18'),
(1036, 27, 4, 12, 0, '2017-08-09 03:43:18', '2017-08-09 03:43:18'),
(1037, 27, 5, 12, 0, '2017-08-09 03:43:18', '2017-08-09 03:43:18'),
(1038, 27, 6, 12, 0, '2017-08-09 03:43:18', '2017-08-09 03:43:18'),
(1039, 27, 7, 12, 1, '2017-08-09 03:43:18', '2017-08-09 03:43:18'),
(1040, 27, 8, 12, 0, '2017-08-09 03:43:18', '2017-08-09 03:43:18'),
(1041, 27, 9, 12, 0, '2017-08-09 03:43:18', '2017-08-09 03:43:18'),
(1042, 27, 10, 12, 0, '2017-08-09 03:43:18', '2017-08-09 03:43:18'),
(1043, 27, 11, 12, 0, '2017-08-09 03:43:18', '2017-08-09 03:43:18'),
(1044, 27, 12, 12, 0, '2017-08-09 03:43:18', '2017-08-09 03:43:18'),
(1045, 27, 1, 13, 1, '2017-08-09 03:43:18', '2017-08-09 03:43:18'),
(1046, 27, 2, 13, 0, '2017-08-09 03:43:18', '2017-08-09 03:43:18'),
(1047, 27, 3, 13, 0, '2017-08-09 03:43:18', '2017-08-09 03:43:18'),
(1048, 27, 4, 13, 0, '2017-08-09 03:43:18', '2017-08-09 03:43:18'),
(1049, 27, 5, 13, 0, '2017-08-09 03:43:18', '2017-08-09 03:43:18'),
(1050, 27, 6, 13, 0, '2017-08-09 03:43:18', '2017-08-09 03:43:18'),
(1051, 27, 7, 13, 0, '2017-08-09 03:43:18', '2017-08-09 03:43:18'),
(1052, 27, 8, 13, 0, '2017-08-09 03:43:18', '2017-08-09 03:43:18'),
(1053, 27, 9, 13, 0, '2017-08-09 03:43:18', '2017-08-09 03:43:18'),
(1054, 27, 10, 13, 0, '2017-08-09 03:43:18', '2017-08-09 03:43:18'),
(1055, 27, 11, 13, 0, '2017-08-09 03:43:18', '2017-08-09 03:43:18'),
(1056, 27, 12, 13, 0, '2017-08-09 03:43:18', '2017-08-09 03:43:18'),
(1057, 27, 1, 13, 0, '2017-08-09 03:43:18', '2017-08-09 03:43:18'),
(1058, 27, 2, 13, 0, '2017-08-09 03:43:18', '2017-08-09 03:43:18'),
(1059, 27, 3, 13, 1, '2017-08-09 03:43:18', '2017-08-09 03:43:18'),
(1060, 27, 4, 13, 0, '2017-08-09 03:43:18', '2017-08-09 03:43:18'),
(1061, 27, 5, 13, 0, '2017-08-09 03:43:18', '2017-08-09 03:43:18'),
(1062, 27, 6, 13, 0, '2017-08-09 03:43:18', '2017-08-09 03:43:18'),
(1063, 27, 7, 13, 0, '2017-08-09 03:43:18', '2017-08-09 03:43:18'),
(1064, 27, 8, 13, 0, '2017-08-09 03:43:18', '2017-08-09 03:43:18'),
(1065, 27, 9, 13, 0, '2017-08-09 03:43:18', '2017-08-09 03:43:18'),
(1066, 27, 10, 13, 0, '2017-08-09 03:43:18', '2017-08-09 03:43:18'),
(1067, 27, 11, 13, 0, '2017-08-09 03:43:18', '2017-08-09 03:43:18'),
(1068, 27, 12, 13, 0, '2017-08-09 03:43:18', '2017-08-09 03:43:18'),
(1069, 28, 1, 11, 1, '2017-08-09 03:46:37', '2017-08-09 03:46:37'),
(1070, 28, 2, 11, 0, '2017-08-09 03:46:37', '2017-08-09 03:46:37'),
(1071, 28, 3, 11, 0, '2017-08-09 03:46:37', '2017-08-09 03:46:37'),
(1072, 28, 4, 11, 0, '2017-08-09 03:46:37', '2017-08-09 03:46:37'),
(1073, 28, 5, 11, 0, '2017-08-09 03:46:37', '2017-08-09 03:46:37'),
(1074, 28, 6, 11, 0, '2017-08-09 03:46:37', '2017-08-09 03:46:37'),
(1075, 28, 7, 11, 0, '2017-08-09 03:46:37', '2017-08-09 03:46:37'),
(1076, 28, 8, 11, 0, '2017-08-09 03:46:37', '2017-08-09 03:46:37'),
(1077, 28, 9, 11, 0, '2017-08-09 03:46:37', '2017-08-09 03:46:37'),
(1078, 28, 10, 11, 0, '2017-08-09 03:46:37', '2017-08-09 03:46:37'),
(1079, 28, 11, 11, 0, '2017-08-09 03:46:37', '2017-08-09 03:46:37'),
(1080, 28, 12, 11, 0, '2017-08-09 03:46:37', '2017-08-09 03:46:37'),
(1081, 28, 1, 11, 0, '2017-08-09 03:46:37', '2017-08-09 03:46:37'),
(1082, 28, 2, 11, 0, '2017-08-09 03:46:37', '2017-08-09 03:46:37'),
(1083, 28, 3, 11, 0, '2017-08-09 03:46:37', '2017-08-09 03:46:37'),
(1084, 28, 4, 11, 0, '2017-08-09 03:46:37', '2017-08-09 03:46:37'),
(1085, 28, 5, 11, 1, '2017-08-09 03:46:37', '2017-08-09 03:46:37'),
(1086, 28, 6, 11, 0, '2017-08-09 03:46:37', '2017-08-09 03:46:37'),
(1087, 28, 7, 11, 0, '2017-08-09 03:46:37', '2017-08-09 03:46:37'),
(1088, 28, 8, 11, 0, '2017-08-09 03:46:37', '2017-08-09 03:46:37'),
(1089, 28, 9, 11, 0, '2017-08-09 03:46:37', '2017-08-09 03:46:37'),
(1090, 28, 10, 11, 0, '2017-08-09 03:46:37', '2017-08-09 03:46:37'),
(1091, 28, 11, 11, 0, '2017-08-09 03:46:37', '2017-08-09 03:46:37'),
(1092, 28, 12, 11, 0, '2017-08-09 03:46:37', '2017-08-09 03:46:37'),
(1093, 28, 1, 11, 0, '2017-08-09 03:46:37', '2017-08-09 03:46:37'),
(1094, 28, 2, 11, 0, '2017-08-09 03:46:37', '2017-08-09 03:46:37'),
(1095, 28, 3, 11, 0, '2017-08-09 03:46:37', '2017-08-09 03:46:37'),
(1096, 28, 4, 11, 0, '2017-08-09 03:46:37', '2017-08-09 03:46:37'),
(1097, 28, 5, 11, 0, '2017-08-09 03:46:37', '2017-08-09 03:46:37'),
(1098, 28, 6, 11, 0, '2017-08-09 03:46:37', '2017-08-09 03:46:37'),
(1099, 28, 7, 11, 0, '2017-08-09 03:46:37', '2017-08-09 03:46:37'),
(1100, 28, 8, 11, 1, '2017-08-09 03:46:37', '2017-08-09 03:46:37'),
(1101, 28, 9, 11, 0, '2017-08-09 03:46:37', '2017-08-09 03:46:37'),
(1102, 28, 10, 11, 0, '2017-08-09 03:46:37', '2017-08-09 03:46:37'),
(1103, 28, 11, 11, 0, '2017-08-09 03:46:37', '2017-08-09 03:46:37'),
(1104, 28, 12, 11, 0, '2017-08-09 03:46:37', '2017-08-09 03:46:37'),
(1105, 28, 1, 12, 1, '2017-08-09 03:46:37', '2017-08-09 03:46:37'),
(1106, 28, 2, 12, 0, '2017-08-09 03:46:37', '2017-08-09 03:46:37'),
(1107, 28, 3, 12, 0, '2017-08-09 03:46:37', '2017-08-09 03:46:37'),
(1108, 28, 4, 12, 0, '2017-08-09 03:46:37', '2017-08-09 03:46:37'),
(1109, 28, 5, 12, 0, '2017-08-09 03:46:37', '2017-08-09 03:46:37'),
(1110, 28, 6, 12, 0, '2017-08-09 03:46:37', '2017-08-09 03:46:37'),
(1111, 28, 7, 12, 0, '2017-08-09 03:46:37', '2017-08-09 03:46:37'),
(1112, 28, 8, 12, 0, '2017-08-09 03:46:37', '2017-08-09 03:46:37'),
(1113, 28, 9, 12, 0, '2017-08-09 03:46:37', '2017-08-09 03:46:37'),
(1114, 28, 10, 12, 0, '2017-08-09 03:46:37', '2017-08-09 03:46:37'),
(1115, 28, 11, 12, 0, '2017-08-09 03:46:37', '2017-08-09 03:46:37'),
(1116, 28, 12, 12, 0, '2017-08-09 03:46:37', '2017-08-09 03:46:37'),
(1117, 28, 1, 12, 0, '2017-08-09 03:46:37', '2017-08-09 03:46:37'),
(1118, 28, 2, 12, 0, '2017-08-09 03:46:37', '2017-08-09 03:46:37'),
(1119, 28, 3, 12, 0, '2017-08-09 03:46:37', '2017-08-09 03:46:37'),
(1120, 28, 4, 12, 0, '2017-08-09 03:46:37', '2017-08-09 03:46:37'),
(1121, 28, 5, 12, 1, '2017-08-09 03:46:37', '2017-08-09 03:46:37'),
(1122, 28, 6, 12, 0, '2017-08-09 03:46:37', '2017-08-09 03:46:37'),
(1123, 28, 7, 12, 0, '2017-08-09 03:46:37', '2017-08-09 03:46:37'),
(1124, 28, 8, 12, 0, '2017-08-09 03:46:37', '2017-08-09 03:46:37'),
(1125, 28, 9, 12, 0, '2017-08-09 03:46:37', '2017-08-09 03:46:37'),
(1126, 28, 10, 12, 0, '2017-08-09 03:46:37', '2017-08-09 03:46:37'),
(1127, 28, 11, 12, 0, '2017-08-09 03:46:37', '2017-08-09 03:46:37'),
(1128, 28, 12, 12, 0, '2017-08-09 03:46:37', '2017-08-09 03:46:37'),
(1129, 28, 1, 12, 0, '2017-08-09 03:46:37', '2017-08-09 03:46:37'),
(1130, 28, 2, 12, 0, '2017-08-09 03:46:37', '2017-08-09 03:46:37'),
(1131, 28, 3, 12, 0, '2017-08-09 03:46:37', '2017-08-09 03:46:37'),
(1132, 28, 4, 12, 0, '2017-08-09 03:46:37', '2017-08-09 03:46:37'),
(1133, 28, 5, 12, 0, '2017-08-09 03:46:37', '2017-08-09 03:46:37'),
(1134, 28, 6, 12, 0, '2017-08-09 03:46:37', '2017-08-09 03:46:37'),
(1135, 28, 7, 12, 1, '2017-08-09 03:46:37', '2017-08-09 03:46:37'),
(1136, 28, 8, 12, 0, '2017-08-09 03:46:37', '2017-08-09 03:46:37'),
(1137, 28, 9, 12, 0, '2017-08-09 03:46:37', '2017-08-09 03:46:37'),
(1138, 28, 10, 12, 0, '2017-08-09 03:46:37', '2017-08-09 03:46:37'),
(1139, 28, 11, 12, 0, '2017-08-09 03:46:37', '2017-08-09 03:46:37'),
(1140, 28, 12, 12, 0, '2017-08-09 03:46:37', '2017-08-09 03:46:37'),
(1141, 28, 1, 13, 0, '2017-08-09 03:46:37', '2017-08-09 03:46:37'),
(1142, 28, 2, 13, 1, '2017-08-09 03:46:37', '2017-08-09 03:46:37'),
(1143, 28, 3, 13, 0, '2017-08-09 03:46:37', '2017-08-09 03:46:37'),
(1144, 28, 4, 13, 0, '2017-08-09 03:46:37', '2017-08-09 03:46:37'),
(1145, 28, 5, 13, 0, '2017-08-09 03:46:37', '2017-08-09 03:46:37'),
(1146, 28, 6, 13, 0, '2017-08-09 03:46:37', '2017-08-09 03:46:37'),
(1147, 28, 7, 13, 0, '2017-08-09 03:46:37', '2017-08-09 03:46:37'),
(1148, 28, 8, 13, 0, '2017-08-09 03:46:37', '2017-08-09 03:46:37'),
(1149, 28, 9, 13, 0, '2017-08-09 03:46:37', '2017-08-09 03:46:37'),
(1150, 28, 10, 13, 0, '2017-08-09 03:46:37', '2017-08-09 03:46:37'),
(1151, 28, 11, 13, 0, '2017-08-09 03:46:37', '2017-08-09 03:46:37'),
(1152, 28, 12, 13, 0, '2017-08-09 03:46:37', '2017-08-09 03:46:37'),
(1153, 28, 1, 13, 0, '2017-08-09 03:46:37', '2017-08-09 03:46:37'),
(1154, 28, 2, 13, 0, '2017-08-09 03:46:37', '2017-08-09 03:46:37'),
(1155, 28, 3, 13, 0, '2017-08-09 03:46:37', '2017-08-09 03:46:37'),
(1156, 28, 4, 13, 0, '2017-08-09 03:46:37', '2017-08-09 03:46:37'),
(1157, 28, 5, 13, 1, '2017-08-09 03:46:37', '2017-08-09 03:46:37'),
(1158, 28, 6, 13, 0, '2017-08-09 03:46:37', '2017-08-09 03:46:37'),
(1159, 28, 7, 13, 0, '2017-08-09 03:46:37', '2017-08-09 03:46:37'),
(1160, 28, 8, 13, 0, '2017-08-09 03:46:37', '2017-08-09 03:46:37'),
(1161, 28, 9, 13, 0, '2017-08-09 03:46:37', '2017-08-09 03:46:37'),
(1162, 28, 10, 13, 0, '2017-08-09 03:46:37', '2017-08-09 03:46:37'),
(1163, 28, 11, 13, 0, '2017-08-09 03:46:37', '2017-08-09 03:46:37'),
(1164, 28, 12, 13, 0, '2017-08-09 03:46:37', '2017-08-09 03:46:37'),
(1165, 30, 1, 11, 0, '2017-08-09 03:50:37', '2017-08-09 03:50:37'),
(1166, 30, 2, 11, 1, '2017-08-09 03:50:37', '2017-08-09 03:50:37'),
(1167, 30, 3, 11, 0, '2017-08-09 03:50:37', '2017-08-09 03:50:37'),
(1168, 30, 4, 11, 0, '2017-08-09 03:50:37', '2017-08-09 03:50:37'),
(1169, 30, 5, 11, 0, '2017-08-09 03:50:37', '2017-08-09 03:50:37'),
(1170, 30, 6, 11, 0, '2017-08-09 03:50:37', '2017-08-09 03:50:37'),
(1171, 30, 7, 11, 0, '2017-08-09 03:50:37', '2017-08-09 03:50:37'),
(1172, 30, 8, 11, 0, '2017-08-09 03:50:37', '2017-08-09 03:50:37'),
(1173, 30, 9, 11, 0, '2017-08-09 03:50:37', '2017-08-09 03:50:37'),
(1174, 30, 10, 11, 0, '2017-08-09 03:50:37', '2017-08-09 03:50:37'),
(1175, 30, 11, 11, 0, '2017-08-09 03:50:37', '2017-08-09 03:50:37'),
(1176, 30, 12, 11, 0, '2017-08-09 03:50:37', '2017-08-09 03:50:37'),
(1177, 30, 1, 11, 0, '2017-08-09 03:50:37', '2017-08-09 03:50:37'),
(1178, 30, 2, 11, 0, '2017-08-09 03:50:37', '2017-08-09 03:50:37'),
(1179, 30, 3, 11, 0, '2017-08-09 03:50:37', '2017-08-09 03:50:37'),
(1180, 30, 4, 11, 0, '2017-08-09 03:50:37', '2017-08-09 03:50:37'),
(1181, 30, 5, 11, 1, '2017-08-09 03:50:37', '2017-08-09 03:50:37'),
(1182, 30, 6, 11, 0, '2017-08-09 03:50:37', '2017-08-09 03:50:37'),
(1183, 30, 7, 11, 0, '2017-08-09 03:50:37', '2017-08-09 03:50:37'),
(1184, 30, 8, 11, 0, '2017-08-09 03:50:37', '2017-08-09 03:50:37'),
(1185, 30, 9, 11, 0, '2017-08-09 03:50:37', '2017-08-09 03:50:37'),
(1186, 30, 10, 11, 0, '2017-08-09 03:50:37', '2017-08-09 03:50:37'),
(1187, 30, 11, 11, 0, '2017-08-09 03:50:37', '2017-08-09 03:50:37'),
(1188, 30, 12, 11, 0, '2017-08-09 03:50:37', '2017-08-09 03:50:37'),
(1189, 30, 1, 11, 0, '2017-08-09 03:50:37', '2017-08-09 03:50:37'),
(1190, 30, 2, 11, 0, '2017-08-09 03:50:37', '2017-08-09 03:50:37'),
(1191, 30, 3, 11, 0, '2017-08-09 03:50:37', '2017-08-09 03:50:37'),
(1192, 30, 4, 11, 0, '2017-08-09 03:50:37', '2017-08-09 03:50:37'),
(1193, 30, 5, 11, 0, '2017-08-09 03:50:37', '2017-08-09 03:50:37'),
(1194, 30, 6, 11, 0, '2017-08-09 03:50:37', '2017-08-09 03:50:37'),
(1195, 30, 7, 11, 0, '2017-08-09 03:50:37', '2017-08-09 03:50:37'),
(1196, 30, 8, 11, 1, '2017-08-09 03:50:37', '2017-08-09 03:50:37'),
(1197, 30, 9, 11, 0, '2017-08-09 03:50:37', '2017-08-09 03:50:37'),
(1198, 30, 10, 11, 0, '2017-08-09 03:50:37', '2017-08-09 03:50:37'),
(1199, 30, 11, 11, 0, '2017-08-09 03:50:37', '2017-08-09 03:50:37'),
(1200, 30, 12, 11, 0, '2017-08-09 03:50:37', '2017-08-09 03:50:37'),
(1201, 30, 1, 12, 0, '2017-08-09 03:50:37', '2017-08-09 03:50:37'),
(1202, 30, 2, 12, 1, '2017-08-09 03:50:37', '2017-08-09 03:50:37'),
(1203, 30, 3, 12, 0, '2017-08-09 03:50:37', '2017-08-09 03:50:37'),
(1204, 30, 4, 12, 0, '2017-08-09 03:50:37', '2017-08-09 03:50:37'),
(1205, 30, 5, 12, 0, '2017-08-09 03:50:37', '2017-08-09 03:50:37'),
(1206, 30, 6, 12, 0, '2017-08-09 03:50:37', '2017-08-09 03:50:37'),
(1207, 30, 7, 12, 0, '2017-08-09 03:50:37', '2017-08-09 03:50:37'),
(1208, 30, 8, 12, 0, '2017-08-09 03:50:37', '2017-08-09 03:50:37'),
(1209, 30, 9, 12, 0, '2017-08-09 03:50:37', '2017-08-09 03:50:37'),
(1210, 30, 10, 12, 0, '2017-08-09 03:50:37', '2017-08-09 03:50:37'),
(1211, 30, 11, 12, 0, '2017-08-09 03:50:37', '2017-08-09 03:50:37'),
(1212, 30, 12, 12, 0, '2017-08-09 03:50:37', '2017-08-09 03:50:37'),
(1213, 30, 1, 12, 0, '2017-08-09 03:50:37', '2017-08-09 03:50:37'),
(1214, 30, 2, 12, 0, '2017-08-09 03:50:37', '2017-08-09 03:50:37'),
(1215, 30, 3, 12, 0, '2017-08-09 03:50:38', '2017-08-09 03:50:38'),
(1216, 30, 4, 12, 1, '2017-08-09 03:50:38', '2017-08-09 03:50:38'),
(1217, 30, 5, 12, 0, '2017-08-09 03:50:38', '2017-08-09 03:50:38'),
(1218, 30, 6, 12, 0, '2017-08-09 03:50:38', '2017-08-09 03:50:38'),
(1219, 30, 7, 12, 0, '2017-08-09 03:50:38', '2017-08-09 03:50:38'),
(1220, 30, 8, 12, 0, '2017-08-09 03:50:38', '2017-08-09 03:50:38'),
(1221, 30, 9, 12, 0, '2017-08-09 03:50:38', '2017-08-09 03:50:38'),
(1222, 30, 10, 12, 0, '2017-08-09 03:50:38', '2017-08-09 03:50:38'),
(1223, 30, 11, 12, 0, '2017-08-09 03:50:38', '2017-08-09 03:50:38'),
(1224, 30, 12, 12, 0, '2017-08-09 03:50:38', '2017-08-09 03:50:38'),
(1225, 30, 1, 13, 0, '2017-08-09 03:50:38', '2017-08-09 03:50:38'),
(1226, 30, 2, 13, 1, '2017-08-09 03:50:38', '2017-08-09 03:50:38'),
(1227, 30, 3, 13, 0, '2017-08-09 03:50:38', '2017-08-09 03:50:38'),
(1228, 30, 4, 13, 0, '2017-08-09 03:50:38', '2017-08-09 03:50:38'),
(1229, 30, 5, 13, 0, '2017-08-09 03:50:38', '2017-08-09 03:50:38'),
(1230, 30, 6, 13, 0, '2017-08-09 03:50:38', '2017-08-09 03:50:38'),
(1231, 30, 7, 13, 0, '2017-08-09 03:50:38', '2017-08-09 03:50:38'),
(1232, 30, 8, 13, 0, '2017-08-09 03:50:38', '2017-08-09 03:50:38'),
(1233, 30, 9, 13, 0, '2017-08-09 03:50:38', '2017-08-09 03:50:38'),
(1234, 30, 10, 13, 0, '2017-08-09 03:50:38', '2017-08-09 03:50:38'),
(1235, 30, 11, 13, 0, '2017-08-09 03:50:38', '2017-08-09 03:50:38'),
(1236, 30, 12, 13, 0, '2017-08-09 03:50:38', '2017-08-09 03:50:38'),
(1237, 30, 1, 13, 0, '2017-08-09 03:50:38', '2017-08-09 03:50:38'),
(1238, 30, 2, 13, 0, '2017-08-09 03:50:38', '2017-08-09 03:50:38'),
(1239, 30, 3, 13, 0, '2017-08-09 03:50:38', '2017-08-09 03:50:38'),
(1240, 30, 4, 13, 0, '2017-08-09 03:50:38', '2017-08-09 03:50:38'),
(1241, 30, 5, 13, 1, '2017-08-09 03:50:38', '2017-08-09 03:50:38'),
(1242, 30, 6, 13, 0, '2017-08-09 03:50:38', '2017-08-09 03:50:38'),
(1243, 30, 7, 13, 0, '2017-08-09 03:50:38', '2017-08-09 03:50:38'),
(1244, 30, 8, 13, 0, '2017-08-09 03:50:38', '2017-08-09 03:50:38'),
(1245, 30, 9, 13, 0, '2017-08-09 03:50:38', '2017-08-09 03:50:38'),
(1246, 30, 10, 13, 0, '2017-08-09 03:50:38', '2017-08-09 03:50:38'),
(1247, 30, 11, 13, 0, '2017-08-09 03:50:38', '2017-08-09 03:50:38'),
(1248, 30, 12, 13, 0, '2017-08-09 03:50:38', '2017-08-09 03:50:38'),
(1249, 31, 1, 11, 1, '2017-08-09 03:54:16', '2017-08-09 03:54:16'),
(1250, 31, 2, 11, 0, '2017-08-09 03:54:16', '2017-08-09 03:54:16'),
(1251, 31, 3, 11, 0, '2017-08-09 03:54:16', '2017-08-09 03:54:16'),
(1252, 31, 4, 11, 0, '2017-08-09 03:54:16', '2017-08-09 03:54:16'),
(1253, 31, 5, 11, 0, '2017-08-09 03:54:16', '2017-08-09 03:54:16'),
(1254, 31, 6, 11, 0, '2017-08-09 03:54:16', '2017-08-09 03:54:16'),
(1255, 31, 7, 11, 0, '2017-08-09 03:54:16', '2017-08-09 03:54:16'),
(1256, 31, 8, 11, 0, '2017-08-09 03:54:16', '2017-08-09 03:54:16'),
(1257, 31, 9, 11, 0, '2017-08-09 03:54:16', '2017-08-09 03:54:16'),
(1258, 31, 10, 11, 0, '2017-08-09 03:54:16', '2017-08-09 03:54:16'),
(1259, 31, 11, 11, 0, '2017-08-09 03:54:16', '2017-08-09 03:54:16'),
(1260, 31, 12, 11, 0, '2017-08-09 03:54:16', '2017-08-09 03:54:16'),
(1261, 31, 1, 11, 0, '2017-08-09 03:54:16', '2017-08-09 03:54:16'),
(1262, 31, 2, 11, 1, '2017-08-09 03:54:16', '2017-08-09 03:54:16'),
(1263, 31, 3, 11, 0, '2017-08-09 03:54:16', '2017-08-09 03:54:16'),
(1264, 31, 4, 11, 0, '2017-08-09 03:54:16', '2017-08-09 03:54:16'),
(1265, 31, 5, 11, 0, '2017-08-09 03:54:16', '2017-08-09 03:54:16'),
(1266, 31, 6, 11, 0, '2017-08-09 03:54:16', '2017-08-09 03:54:16'),
(1267, 31, 7, 11, 0, '2017-08-09 03:54:16', '2017-08-09 03:54:16'),
(1268, 31, 8, 11, 0, '2017-08-09 03:54:16', '2017-08-09 03:54:16'),
(1269, 31, 9, 11, 0, '2017-08-09 03:54:16', '2017-08-09 03:54:16'),
(1270, 31, 10, 11, 0, '2017-08-09 03:54:16', '2017-08-09 03:54:16'),
(1271, 31, 11, 11, 0, '2017-08-09 03:54:16', '2017-08-09 03:54:16'),
(1272, 31, 12, 11, 0, '2017-08-09 03:54:16', '2017-08-09 03:54:16'),
(1273, 31, 1, 11, 0, '2017-08-09 03:54:16', '2017-08-09 03:54:16'),
(1274, 31, 2, 11, 0, '2017-08-09 03:54:16', '2017-08-09 03:54:16'),
(1275, 31, 3, 11, 0, '2017-08-09 03:54:16', '2017-08-09 03:54:16'),
(1276, 31, 4, 11, 0, '2017-08-09 03:54:16', '2017-08-09 03:54:16'),
(1277, 31, 5, 11, 0, '2017-08-09 03:54:16', '2017-08-09 03:54:16'),
(1278, 31, 6, 11, 1, '2017-08-09 03:54:16', '2017-08-09 03:54:16'),
(1279, 31, 7, 11, 0, '2017-08-09 03:54:16', '2017-08-09 03:54:16'),
(1280, 31, 8, 11, 0, '2017-08-09 03:54:16', '2017-08-09 03:54:16'),
(1281, 31, 9, 11, 0, '2017-08-09 03:54:16', '2017-08-09 03:54:16'),
(1282, 31, 10, 11, 0, '2017-08-09 03:54:16', '2017-08-09 03:54:16'),
(1283, 31, 11, 11, 0, '2017-08-09 03:54:16', '2017-08-09 03:54:16'),
(1284, 31, 12, 11, 0, '2017-08-09 03:54:16', '2017-08-09 03:54:16'),
(1285, 31, 1, 12, 1, '2017-08-09 03:54:16', '2017-08-09 03:54:16'),
(1286, 31, 2, 12, 0, '2017-08-09 03:54:16', '2017-08-09 03:54:16'),
(1287, 31, 3, 12, 0, '2017-08-09 03:54:16', '2017-08-09 03:54:16'),
(1288, 31, 4, 12, 0, '2017-08-09 03:54:16', '2017-08-09 03:54:16'),
(1289, 31, 5, 12, 0, '2017-08-09 03:54:16', '2017-08-09 03:54:16'),
(1290, 31, 6, 12, 0, '2017-08-09 03:54:16', '2017-08-09 03:54:16'),
(1291, 31, 7, 12, 0, '2017-08-09 03:54:16', '2017-08-09 03:54:16'),
(1292, 31, 8, 12, 0, '2017-08-09 03:54:16', '2017-08-09 03:54:16'),
(1293, 31, 9, 12, 0, '2017-08-09 03:54:16', '2017-08-09 03:54:16'),
(1294, 31, 10, 12, 0, '2017-08-09 03:54:16', '2017-08-09 03:54:16'),
(1295, 31, 11, 12, 0, '2017-08-09 03:54:16', '2017-08-09 03:54:16'),
(1296, 31, 12, 12, 0, '2017-08-09 03:54:16', '2017-08-09 03:54:16'),
(1297, 31, 1, 12, 0, '2017-08-09 03:54:16', '2017-08-09 03:54:16'),
(1298, 31, 2, 12, 0, '2017-08-09 03:54:16', '2017-08-09 03:54:16'),
(1299, 31, 3, 12, 1, '2017-08-09 03:54:16', '2017-08-09 03:54:16'),
(1300, 31, 4, 12, 0, '2017-08-09 03:54:16', '2017-08-09 03:54:16'),
(1301, 31, 5, 12, 0, '2017-08-09 03:54:16', '2017-08-09 03:54:16'),
(1302, 31, 6, 12, 0, '2017-08-09 03:54:16', '2017-08-09 03:54:16'),
(1303, 31, 7, 12, 0, '2017-08-09 03:54:16', '2017-08-09 03:54:16'),
(1304, 31, 8, 12, 0, '2017-08-09 03:54:16', '2017-08-09 03:54:16'),
(1305, 31, 9, 12, 0, '2017-08-09 03:54:16', '2017-08-09 03:54:16'),
(1306, 31, 10, 12, 0, '2017-08-09 03:54:16', '2017-08-09 03:54:16'),
(1307, 31, 11, 12, 0, '2017-08-09 03:54:16', '2017-08-09 03:54:16'),
(1308, 31, 12, 12, 0, '2017-08-09 03:54:16', '2017-08-09 03:54:16'),
(1309, 31, 1, 13, 0, '2017-08-09 03:54:16', '2017-08-09 03:54:16'),
(1310, 31, 2, 13, 1, '2017-08-09 03:54:16', '2017-08-09 03:54:16'),
(1311, 31, 3, 13, 0, '2017-08-09 03:54:16', '2017-08-09 03:54:16'),
(1312, 31, 4, 13, 0, '2017-08-09 03:54:16', '2017-08-09 03:54:16'),
(1313, 31, 5, 13, 0, '2017-08-09 03:54:16', '2017-08-09 03:54:16'),
(1314, 31, 6, 13, 0, '2017-08-09 03:54:16', '2017-08-09 03:54:16'),
(1315, 31, 7, 13, 0, '2017-08-09 03:54:16', '2017-08-09 03:54:16'),
(1316, 31, 8, 13, 0, '2017-08-09 03:54:16', '2017-08-09 03:54:16'),
(1317, 31, 9, 13, 0, '2017-08-09 03:54:16', '2017-08-09 03:54:16'),
(1318, 31, 10, 13, 0, '2017-08-09 03:54:16', '2017-08-09 03:54:16'),
(1319, 31, 11, 13, 0, '2017-08-09 03:54:16', '2017-08-09 03:54:16'),
(1320, 31, 12, 13, 0, '2017-08-09 03:54:16', '2017-08-09 03:54:16'),
(1321, 31, 1, 13, 0, '2017-08-09 03:54:16', '2017-08-09 03:54:16'),
(1322, 31, 2, 13, 0, '2017-08-09 03:54:16', '2017-08-09 03:54:16'),
(1323, 31, 3, 13, 0, '2017-08-09 03:54:16', '2017-08-09 03:54:16'),
(1324, 31, 4, 13, 1, '2017-08-09 03:54:16', '2017-08-09 03:54:16'),
(1325, 31, 5, 13, 0, '2017-08-09 03:54:16', '2017-08-09 03:54:16'),
(1326, 31, 6, 13, 0, '2017-08-09 03:54:16', '2017-08-09 03:54:16'),
(1327, 31, 7, 13, 0, '2017-08-09 03:54:16', '2017-08-09 03:54:16'),
(1328, 31, 8, 13, 0, '2017-08-09 03:54:16', '2017-08-09 03:54:16'),
(1329, 31, 9, 13, 0, '2017-08-09 03:54:16', '2017-08-09 03:54:16'),
(1330, 31, 10, 13, 0, '2017-08-09 03:54:16', '2017-08-09 03:54:16'),
(1331, 31, 11, 13, 0, '2017-08-09 03:54:16', '2017-08-09 03:54:16'),
(1332, 31, 12, 13, 0, '2017-08-09 03:54:16', '2017-08-09 03:54:16'),
(1333, 33, 1, 11, 0, '2017-08-09 03:57:48', '2017-08-09 03:57:48'),
(1334, 33, 2, 11, 0, '2017-08-09 03:57:48', '2017-08-09 03:57:48'),
(1335, 33, 3, 11, 0, '2017-08-09 03:57:48', '2017-08-09 03:57:48'),
(1336, 33, 4, 11, 0, '2017-08-09 03:57:48', '2017-08-09 03:57:48'),
(1337, 33, 5, 11, 1, '2017-08-09 03:57:48', '2017-08-09 03:57:48'),
(1338, 33, 6, 11, 0, '2017-08-09 03:57:48', '2017-08-09 03:57:48'),
(1339, 33, 7, 11, 0, '2017-08-09 03:57:48', '2017-08-09 03:57:48'),
(1340, 33, 8, 11, 0, '2017-08-09 03:57:48', '2017-08-09 03:57:48'),
(1341, 33, 9, 11, 0, '2017-08-09 03:57:48', '2017-08-09 03:57:48'),
(1342, 33, 10, 11, 0, '2017-08-09 03:57:48', '2017-08-09 03:57:48'),
(1343, 33, 11, 11, 0, '2017-08-09 03:57:48', '2017-08-09 03:57:48'),
(1344, 33, 12, 11, 0, '2017-08-09 03:57:48', '2017-08-09 03:57:48'),
(1345, 33, 1, 11, 0, '2017-08-09 03:57:48', '2017-08-09 03:57:48'),
(1346, 33, 2, 11, 0, '2017-08-09 03:57:48', '2017-08-09 03:57:48'),
(1347, 33, 3, 11, 0, '2017-08-09 03:57:48', '2017-08-09 03:57:48'),
(1348, 33, 4, 11, 0, '2017-08-09 03:57:48', '2017-08-09 03:57:48'),
(1349, 33, 5, 11, 0, '2017-08-09 03:57:48', '2017-08-09 03:57:48'),
(1350, 33, 6, 11, 0, '2017-08-09 03:57:48', '2017-08-09 03:57:48'),
(1351, 33, 7, 11, 0, '2017-08-09 03:57:48', '2017-08-09 03:57:48'),
(1352, 33, 8, 11, 1, '2017-08-09 03:57:48', '2017-08-09 03:57:48'),
(1353, 33, 9, 11, 0, '2017-08-09 03:57:48', '2017-08-09 03:57:48'),
(1354, 33, 10, 11, 0, '2017-08-09 03:57:48', '2017-08-09 03:57:48'),
(1355, 33, 11, 11, 0, '2017-08-09 03:57:48', '2017-08-09 03:57:48'),
(1356, 33, 12, 11, 0, '2017-08-09 03:57:48', '2017-08-09 03:57:48'),
(1357, 33, 1, 12, 1, '2017-08-09 03:57:48', '2017-08-09 03:57:48'),
(1358, 33, 2, 12, 0, '2017-08-09 03:57:48', '2017-08-09 03:57:48'),
(1359, 33, 3, 12, 0, '2017-08-09 03:57:48', '2017-08-09 03:57:48'),
(1360, 33, 4, 12, 0, '2017-08-09 03:57:48', '2017-08-09 03:57:48'),
(1361, 33, 5, 12, 0, '2017-08-09 03:57:48', '2017-08-09 03:57:48'),
(1362, 33, 6, 12, 0, '2017-08-09 03:57:48', '2017-08-09 03:57:48'),
(1363, 33, 7, 12, 0, '2017-08-09 03:57:48', '2017-08-09 03:57:48'),
(1364, 33, 8, 12, 0, '2017-08-09 03:57:48', '2017-08-09 03:57:48'),
(1365, 33, 9, 12, 0, '2017-08-09 03:57:48', '2017-08-09 03:57:48'),
(1366, 33, 10, 12, 0, '2017-08-09 03:57:48', '2017-08-09 03:57:48'),
(1367, 33, 11, 12, 0, '2017-08-09 03:57:48', '2017-08-09 03:57:48'),
(1368, 33, 12, 12, 0, '2017-08-09 03:57:48', '2017-08-09 03:57:48'),
(1369, 33, 1, 12, 0, '2017-08-09 03:57:48', '2017-08-09 03:57:48'),
(1370, 33, 2, 12, 0, '2017-08-09 03:57:48', '2017-08-09 03:57:48'),
(1371, 33, 3, 12, 0, '2017-08-09 03:57:48', '2017-08-09 03:57:48'),
(1372, 33, 4, 12, 0, '2017-08-09 03:57:48', '2017-08-09 03:57:48'),
(1373, 33, 5, 12, 1, '2017-08-09 03:57:48', '2017-08-09 03:57:48'),
(1374, 33, 6, 12, 0, '2017-08-09 03:57:48', '2017-08-09 03:57:48'),
(1375, 33, 7, 12, 0, '2017-08-09 03:57:48', '2017-08-09 03:57:48'),
(1376, 33, 8, 12, 0, '2017-08-09 03:57:48', '2017-08-09 03:57:48'),
(1377, 33, 9, 12, 0, '2017-08-09 03:57:48', '2017-08-09 03:57:48'),
(1378, 33, 10, 12, 0, '2017-08-09 03:57:48', '2017-08-09 03:57:48'),
(1379, 33, 11, 12, 0, '2017-08-09 03:57:48', '2017-08-09 03:57:48'),
(1380, 33, 12, 12, 0, '2017-08-09 03:57:48', '2017-08-09 03:57:48'),
(1381, 33, 1, 13, 0, '2017-08-09 03:57:48', '2017-08-09 03:57:48'),
(1382, 33, 2, 13, 1, '2017-08-09 03:57:48', '2017-08-09 03:57:48'),
(1383, 33, 3, 13, 0, '2017-08-09 03:57:48', '2017-08-09 03:57:48'),
(1384, 33, 4, 13, 0, '2017-08-09 03:57:48', '2017-08-09 03:57:48'),
(1385, 33, 5, 13, 0, '2017-08-09 03:57:48', '2017-08-09 03:57:48'),
(1386, 33, 6, 13, 0, '2017-08-09 03:57:48', '2017-08-09 03:57:48'),
(1387, 33, 7, 13, 0, '2017-08-09 03:57:48', '2017-08-09 03:57:48'),
(1388, 33, 8, 13, 0, '2017-08-09 03:57:48', '2017-08-09 03:57:48'),
(1389, 33, 9, 13, 0, '2017-08-09 03:57:48', '2017-08-09 03:57:48'),
(1390, 33, 10, 13, 0, '2017-08-09 03:57:48', '2017-08-09 03:57:48'),
(1391, 33, 11, 13, 0, '2017-08-09 03:57:48', '2017-08-09 03:57:48'),
(1392, 33, 12, 13, 0, '2017-08-09 03:57:48', '2017-08-09 03:57:48'),
(1393, 33, 1, 13, 0, '2017-08-09 03:57:48', '2017-08-09 03:57:48'),
(1394, 33, 2, 13, 0, '2017-08-09 03:57:48', '2017-08-09 03:57:48'),
(1395, 33, 3, 13, 1, '2017-08-09 03:57:48', '2017-08-09 03:57:48'),
(1396, 33, 4, 13, 0, '2017-08-09 03:57:48', '2017-08-09 03:57:48'),
(1397, 33, 5, 13, 0, '2017-08-09 03:57:48', '2017-08-09 03:57:48'),
(1398, 33, 6, 13, 0, '2017-08-09 03:57:48', '2017-08-09 03:57:48'),
(1399, 33, 7, 13, 0, '2017-08-09 03:57:48', '2017-08-09 03:57:48'),
(1400, 33, 8, 13, 0, '2017-08-09 03:57:48', '2017-08-09 03:57:48'),
(1401, 33, 9, 13, 0, '2017-08-09 03:57:48', '2017-08-09 03:57:48'),
(1402, 33, 10, 13, 0, '2017-08-09 03:57:48', '2017-08-09 03:57:48'),
(1403, 33, 11, 13, 0, '2017-08-09 03:57:48', '2017-08-09 03:57:48'),
(1404, 33, 12, 13, 0, '2017-08-09 03:57:48', '2017-08-09 03:57:48'),
(1405, 33, 1, 13, 0, '2017-08-09 03:57:48', '2017-08-09 03:57:48'),
(1406, 33, 2, 13, 0, '2017-08-09 03:57:48', '2017-08-09 03:57:48'),
(1407, 33, 3, 13, 0, '2017-08-09 03:57:48', '2017-08-09 03:57:48'),
(1408, 33, 4, 13, 0, '2017-08-09 03:57:48', '2017-08-09 03:57:48'),
(1409, 33, 5, 13, 0, '2017-08-09 03:57:48', '2017-08-09 03:57:48'),
(1410, 33, 6, 13, 1, '2017-08-09 03:57:48', '2017-08-09 03:57:48'),
(1411, 33, 7, 13, 0, '2017-08-09 03:57:48', '2017-08-09 03:57:48'),
(1412, 33, 8, 13, 0, '2017-08-09 03:57:48', '2017-08-09 03:57:48'),
(1413, 33, 9, 13, 0, '2017-08-09 03:57:48', '2017-08-09 03:57:48'),
(1414, 33, 10, 13, 0, '2017-08-09 03:57:48', '2017-08-09 03:57:48'),
(1415, 33, 11, 13, 0, '2017-08-09 03:57:48', '2017-08-09 03:57:48'),
(1416, 33, 12, 13, 0, '2017-08-09 03:57:48', '2017-08-09 03:57:48'),
(1417, 35, 1, 11, 1, '2017-08-09 04:52:02', '2017-08-09 04:52:02'),
(1418, 35, 2, 11, 0, '2017-08-09 04:52:02', '2017-08-09 04:52:02'),
(1419, 35, 3, 11, 0, '2017-08-09 04:52:02', '2017-08-09 04:52:02'),
(1420, 35, 4, 11, 0, '2017-08-09 04:52:02', '2017-08-09 04:52:02'),
(1421, 35, 5, 11, 0, '2017-08-09 04:52:02', '2017-08-09 04:52:02'),
(1422, 35, 6, 11, 0, '2017-08-09 04:52:02', '2017-08-09 04:52:02'),
(1423, 35, 7, 11, 0, '2017-08-09 04:52:02', '2017-08-09 04:52:02'),
(1424, 35, 8, 11, 0, '2017-08-09 04:52:02', '2017-08-09 04:52:02'),
(1425, 35, 9, 11, 0, '2017-08-09 04:52:02', '2017-08-09 04:52:02'),
(1426, 35, 10, 11, 0, '2017-08-09 04:52:02', '2017-08-09 04:52:02'),
(1427, 35, 11, 11, 0, '2017-08-09 04:52:02', '2017-08-09 04:52:02'),
(1428, 35, 12, 11, 0, '2017-08-09 04:52:02', '2017-08-09 04:52:02'),
(1429, 35, 1, 11, 0, '2017-08-09 04:52:02', '2017-08-09 04:52:02'),
(1430, 35, 2, 11, 0, '2017-08-09 04:52:02', '2017-08-09 04:52:02'),
(1431, 35, 3, 11, 0, '2017-08-09 04:52:02', '2017-08-09 04:52:02'),
(1432, 35, 4, 11, 0, '2017-08-09 04:52:02', '2017-08-09 04:52:02'),
(1433, 35, 5, 11, 0, '2017-08-09 04:52:02', '2017-08-09 04:52:02'),
(1434, 35, 6, 11, 0, '2017-08-09 04:52:02', '2017-08-09 04:52:02'),
(1435, 35, 7, 11, 0, '2017-08-09 04:52:02', '2017-08-09 04:52:02'),
(1436, 35, 8, 11, 0, '2017-08-09 04:52:02', '2017-08-09 04:52:02'),
(1437, 35, 9, 11, 1, '2017-08-09 04:52:02', '2017-08-09 04:52:02'),
(1438, 35, 10, 11, 0, '2017-08-09 04:52:02', '2017-08-09 04:52:02'),
(1439, 35, 11, 11, 0, '2017-08-09 04:52:02', '2017-08-09 04:52:02'),
(1440, 35, 12, 11, 0, '2017-08-09 04:52:02', '2017-08-09 04:52:02'),
(1441, 35, 1, 12, 0, '2017-08-09 04:52:02', '2017-08-09 04:52:02'),
(1442, 35, 2, 12, 1, '2017-08-09 04:52:02', '2017-08-09 04:52:02'),
(1443, 35, 3, 12, 0, '2017-08-09 04:52:02', '2017-08-09 04:52:02'),
(1444, 35, 4, 12, 0, '2017-08-09 04:52:02', '2017-08-09 04:52:02'),
(1445, 35, 5, 12, 0, '2017-08-09 04:52:02', '2017-08-09 04:52:02'),
(1446, 35, 6, 12, 0, '2017-08-09 04:52:02', '2017-08-09 04:52:02'),
(1447, 35, 7, 12, 0, '2017-08-09 04:52:02', '2017-08-09 04:52:02'),
(1448, 35, 8, 12, 0, '2017-08-09 04:52:02', '2017-08-09 04:52:02'),
(1449, 35, 9, 12, 0, '2017-08-09 04:52:02', '2017-08-09 04:52:02'),
(1450, 35, 10, 12, 0, '2017-08-09 04:52:02', '2017-08-09 04:52:02'),
(1451, 35, 11, 12, 0, '2017-08-09 04:52:02', '2017-08-09 04:52:02'),
(1452, 35, 12, 12, 0, '2017-08-09 04:52:02', '2017-08-09 04:52:02'),
(1453, 35, 1, 12, 0, '2017-08-09 04:52:02', '2017-08-09 04:52:02'),
(1454, 35, 2, 12, 0, '2017-08-09 04:52:02', '2017-08-09 04:52:02'),
(1455, 35, 3, 12, 0, '2017-08-09 04:52:02', '2017-08-09 04:52:02'),
(1456, 35, 4, 12, 0, '2017-08-09 04:52:02', '2017-08-09 04:52:02'),
(1457, 35, 5, 12, 1, '2017-08-09 04:52:02', '2017-08-09 04:52:02'),
(1458, 35, 6, 12, 0, '2017-08-09 04:52:02', '2017-08-09 04:52:02'),
(1459, 35, 7, 12, 0, '2017-08-09 04:52:02', '2017-08-09 04:52:02'),
(1460, 35, 8, 12, 0, '2017-08-09 04:52:02', '2017-08-09 04:52:02'),
(1461, 35, 9, 12, 0, '2017-08-09 04:52:02', '2017-08-09 04:52:02'),
(1462, 35, 10, 12, 0, '2017-08-09 04:52:02', '2017-08-09 04:52:02'),
(1463, 35, 11, 12, 0, '2017-08-09 04:52:02', '2017-08-09 04:52:02'),
(1464, 35, 12, 12, 0, '2017-08-09 04:52:02', '2017-08-09 04:52:02'),
(1465, 35, 1, 12, 0, '2017-08-09 04:52:02', '2017-08-09 04:52:02'),
(1466, 35, 2, 12, 0, '2017-08-09 04:52:02', '2017-08-09 04:52:02'),
(1467, 35, 3, 12, 0, '2017-08-09 04:52:02', '2017-08-09 04:52:02'),
(1468, 35, 4, 12, 0, '2017-08-09 04:52:02', '2017-08-09 04:52:02'),
(1469, 35, 5, 12, 0, '2017-08-09 04:52:02', '2017-08-09 04:52:02'),
(1470, 35, 6, 12, 1, '2017-08-09 04:52:02', '2017-08-09 04:52:02'),
(1471, 35, 7, 12, 0, '2017-08-09 04:52:02', '2017-08-09 04:52:02'),
(1472, 35, 8, 12, 0, '2017-08-09 04:52:02', '2017-08-09 04:52:02'),
(1473, 35, 9, 12, 0, '2017-08-09 04:52:02', '2017-08-09 04:52:02'),
(1474, 35, 10, 12, 0, '2017-08-09 04:52:02', '2017-08-09 04:52:02'),
(1475, 35, 11, 12, 0, '2017-08-09 04:52:02', '2017-08-09 04:52:02'),
(1476, 35, 12, 12, 0, '2017-08-09 04:52:02', '2017-08-09 04:52:02'),
(1477, 35, 1, 13, 1, '2017-08-09 04:52:02', '2017-08-09 04:52:02'),
(1478, 35, 2, 13, 0, '2017-08-09 04:52:02', '2017-08-09 04:52:02'),
(1479, 35, 3, 13, 0, '2017-08-09 04:52:02', '2017-08-09 04:52:02'),
(1480, 35, 4, 13, 0, '2017-08-09 04:52:02', '2017-08-09 04:52:02'),
(1481, 35, 5, 13, 0, '2017-08-09 04:52:02', '2017-08-09 04:52:02'),
(1482, 35, 6, 13, 0, '2017-08-09 04:52:02', '2017-08-09 04:52:02'),
(1483, 35, 7, 13, 0, '2017-08-09 04:52:02', '2017-08-09 04:52:02'),
(1484, 35, 8, 13, 0, '2017-08-09 04:52:02', '2017-08-09 04:52:02'),
(1485, 35, 9, 13, 0, '2017-08-09 04:52:02', '2017-08-09 04:52:02'),
(1486, 35, 10, 13, 0, '2017-08-09 04:52:02', '2017-08-09 04:52:02'),
(1487, 35, 11, 13, 0, '2017-08-09 04:52:02', '2017-08-09 04:52:02'),
(1488, 35, 12, 13, 0, '2017-08-09 04:52:02', '2017-08-09 04:52:02'),
(1489, 35, 1, 13, 0, '2017-08-09 04:52:02', '2017-08-09 04:52:02'),
(1490, 35, 2, 13, 0, '2017-08-09 04:52:02', '2017-08-09 04:52:02'),
(1491, 35, 3, 13, 0, '2017-08-09 04:52:02', '2017-08-09 04:52:02'),
(1492, 35, 4, 13, 1, '2017-08-09 04:52:02', '2017-08-09 04:52:02'),
(1493, 35, 5, 13, 0, '2017-08-09 04:52:02', '2017-08-09 04:52:02'),
(1494, 35, 6, 13, 0, '2017-08-09 04:52:02', '2017-08-09 04:52:02'),
(1495, 35, 7, 13, 0, '2017-08-09 04:52:02', '2017-08-09 04:52:02'),
(1496, 35, 8, 13, 0, '2017-08-09 04:52:02', '2017-08-09 04:52:02'),
(1497, 35, 9, 13, 0, '2017-08-09 04:52:02', '2017-08-09 04:52:02'),
(1498, 35, 10, 13, 0, '2017-08-09 04:52:02', '2017-08-09 04:52:02'),
(1499, 35, 11, 13, 0, '2017-08-09 04:52:02', '2017-08-09 04:52:02'),
(1500, 35, 12, 13, 0, '2017-08-09 04:52:02', '2017-08-09 04:52:02'),
(1501, 35, 1, 13, 0, '2017-08-09 04:52:02', '2017-08-09 04:52:02'),
(1502, 35, 2, 13, 0, '2017-08-09 04:52:02', '2017-08-09 04:52:02'),
(1503, 35, 3, 13, 0, '2017-08-09 04:52:02', '2017-08-09 04:52:02'),
(1504, 35, 4, 13, 0, '2017-08-09 04:52:02', '2017-08-09 04:52:02'),
(1505, 35, 5, 13, 0, '2017-08-09 04:52:02', '2017-08-09 04:52:02'),
(1506, 35, 6, 13, 0, '2017-08-09 04:52:02', '2017-08-09 04:52:02'),
(1507, 35, 7, 13, 1, '2017-08-09 04:52:02', '2017-08-09 04:52:02'),
(1508, 35, 8, 13, 0, '2017-08-09 04:52:02', '2017-08-09 04:52:02'),
(1509, 35, 9, 13, 0, '2017-08-09 04:52:02', '2017-08-09 04:52:02'),
(1510, 35, 10, 13, 0, '2017-08-09 04:52:02', '2017-08-09 04:52:02'),
(1511, 35, 11, 13, 0, '2017-08-09 04:52:02', '2017-08-09 04:52:02'),
(1512, 35, 12, 13, 0, '2017-08-09 04:52:02', '2017-08-09 04:52:02'),
(1513, 42, 1, 11, 1, '2017-08-09 21:48:40', NULL),
(1514, 42, 2, 11, 0, '2017-08-09 21:48:40', NULL),
(1515, 42, 3, 11, 0, '2017-08-09 21:48:40', NULL),
(1516, 42, 4, 11, 0, '2017-08-09 21:48:40', NULL),
(1517, 42, 5, 11, 1, '2017-08-09 21:48:40', NULL),
(1518, 42, 6, 11, 0, '2017-08-09 21:48:40', NULL),
(1519, 42, 7, 11, 0, '2017-08-09 21:48:40', NULL),
(1520, 42, 8, 11, 0, '2017-08-09 21:48:40', NULL),
(1521, 42, 9, 11, 0, '2017-08-09 21:48:40', NULL),
(1522, 42, 10, 11, 0, '2017-08-09 21:48:40', NULL),
(1523, 42, 11, 11, 0, '2017-08-09 21:48:40', NULL),
(1524, 42, 12, 11, 0, '2017-08-09 21:48:40', NULL),
(1525, 42, 1, 12, 0, '2017-08-09 21:48:40', NULL),
(1526, 42, 2, 12, 1, '2017-08-09 21:48:40', NULL),
(1527, 42, 3, 12, 0, '2017-08-09 21:48:40', NULL),
(1528, 42, 4, 12, 0, '2017-08-09 21:48:40', NULL),
(1529, 42, 5, 12, 1, '2017-08-09 21:48:40', NULL),
(1530, 42, 6, 12, 0, '2017-08-09 21:48:40', NULL),
(1531, 42, 7, 12, 0, '2017-08-09 21:48:40', NULL),
(1532, 42, 8, 12, 0, '2017-08-09 21:48:40', NULL),
(1533, 42, 9, 12, 0, '2017-08-09 21:48:40', NULL),
(1534, 42, 10, 12, 0, '2017-08-09 21:48:40', NULL),
(1535, 42, 11, 12, 0, '2017-08-09 21:48:40', NULL),
(1536, 42, 12, 12, 0, '2017-08-09 21:48:40', NULL),
(1537, 42, 1, 13, 0, '2017-08-09 21:48:40', NULL),
(1538, 42, 2, 13, 1, '2017-08-09 21:48:40', NULL),
(1539, 42, 3, 13, 1, '2017-08-09 21:48:40', NULL),
(1540, 42, 4, 13, 0, '2017-08-09 21:48:40', NULL),
(1541, 42, 5, 13, 0, '2017-08-09 21:48:40', NULL),
(1542, 42, 6, 13, 0, '2017-08-09 21:48:40', NULL),
(1543, 42, 7, 13, 0, '2017-08-09 21:48:40', NULL),
(1544, 42, 8, 13, 0, '2017-08-09 21:48:40', NULL),
(1545, 42, 9, 13, 0, '2017-08-09 21:48:40', NULL),
(1546, 42, 10, 13, 0, '2017-08-09 21:48:40', NULL),
(1547, 42, 11, 13, 0, '2017-08-09 21:48:40', NULL),
(1548, 42, 12, 13, 0, '2017-08-09 21:48:40', NULL),
(1549, 44, 1, 11, 0, '2017-08-09 21:53:51', '2017-08-09 21:53:51'),
(1550, 44, 2, 11, 0, '2017-08-09 21:53:51', '2017-08-09 21:53:51'),
(1551, 44, 3, 11, 0, '2017-08-09 21:53:51', '2017-08-09 21:53:51'),
(1552, 44, 4, 11, 0, '2017-08-09 21:53:51', '2017-08-09 21:53:51'),
(1553, 44, 5, 11, 0, '2017-08-09 21:53:51', '2017-08-09 21:53:51'),
(1554, 44, 6, 11, 0, '2017-08-09 21:53:51', '2017-08-09 21:53:51'),
(1555, 44, 7, 11, 0, '2017-08-09 21:53:51', '2017-08-09 21:53:51'),
(1556, 44, 8, 11, 0, '2017-08-09 21:53:51', '2017-08-09 21:53:51'),
(1557, 44, 9, 11, 0, '2017-08-09 21:53:51', '2017-08-09 21:53:51'),
(1558, 44, 10, 11, 0, '2017-08-09 21:53:51', '2017-08-09 21:53:51'),
(1559, 44, 11, 11, 0, '2017-08-09 21:53:51', '2017-08-09 21:53:51'),
(1560, 44, 12, 11, 0, '2017-08-09 21:53:51', '2017-08-09 21:53:51'),
(1561, 44, 1, 12, 1, '2017-08-09 21:53:51', NULL),
(1562, 44, 2, 12, 0, '2017-08-09 21:53:51', NULL),
(1563, 44, 3, 12, 1, '2017-08-09 21:53:51', NULL),
(1564, 44, 4, 12, 0, '2017-08-09 21:53:51', NULL),
(1565, 44, 5, 12, 0, '2017-08-09 21:53:51', NULL),
(1566, 44, 6, 12, 0, '2017-08-09 21:53:51', NULL),
(1567, 44, 7, 12, 0, '2017-08-09 21:53:51', NULL),
(1568, 44, 8, 12, 0, '2017-08-09 21:53:51', NULL),
(1569, 44, 9, 12, 0, '2017-08-09 21:53:51', NULL),
(1570, 44, 10, 12, 0, '2017-08-09 21:53:51', NULL),
(1571, 44, 11, 12, 0, '2017-08-09 21:53:51', NULL),
(1572, 44, 12, 12, 0, '2017-08-09 21:53:51', NULL),
(1573, 44, 1, 13, 1, '2017-08-09 21:53:51', NULL);
INSERT INTO `vinculacions_ambitos` (`id`, `id_vinculacions`, `id_ambitos`, `id_tipo`, `cheked`, `created_at`, `updated_at`) VALUES
(1574, 44, 2, 13, 1, '2017-08-09 21:53:51', NULL),
(1575, 44, 3, 13, 0, '2017-08-09 21:53:51', NULL),
(1576, 44, 4, 13, 0, '2017-08-09 21:53:51', NULL),
(1577, 44, 5, 13, 0, '2017-08-09 21:53:51', NULL),
(1578, 44, 6, 13, 0, '2017-08-09 21:53:51', NULL),
(1579, 44, 7, 13, 0, '2017-08-09 21:53:51', NULL),
(1580, 44, 8, 13, 0, '2017-08-09 21:53:51', NULL),
(1581, 44, 9, 13, 0, '2017-08-09 21:53:51', NULL),
(1582, 44, 10, 13, 0, '2017-08-09 21:53:51', NULL),
(1583, 44, 11, 13, 0, '2017-08-09 21:53:51', NULL),
(1584, 44, 12, 13, 0, '2017-08-09 21:53:51', NULL),
(1585, 46, 1, 11, 1, '2017-08-09 21:58:31', NULL),
(1586, 46, 2, 11, 0, '2017-08-09 21:58:32', NULL),
(1587, 46, 3, 11, 0, '2017-08-09 21:58:32', NULL),
(1588, 46, 4, 11, 0, '2017-08-09 21:58:32', NULL),
(1589, 46, 5, 11, 0, '2017-08-09 21:58:32', NULL),
(1590, 46, 6, 11, 1, '2017-08-09 21:58:32', NULL),
(1591, 46, 7, 11, 0, '2017-08-09 21:58:32', NULL),
(1592, 46, 8, 11, 0, '2017-08-09 21:58:32', NULL),
(1593, 46, 9, 11, 0, '2017-08-09 21:58:32', NULL),
(1594, 46, 10, 11, 0, '2017-08-09 21:58:32', NULL),
(1595, 46, 11, 11, 0, '2017-08-09 21:58:32', NULL),
(1596, 46, 12, 11, 0, '2017-08-09 21:58:32', NULL),
(1597, 46, 1, 12, 1, '2017-08-09 21:58:32', NULL),
(1598, 46, 2, 12, 0, '2017-08-09 21:58:32', NULL),
(1599, 46, 3, 12, 0, '2017-08-09 21:58:32', NULL),
(1600, 46, 4, 12, 0, '2017-08-09 21:58:32', NULL),
(1601, 46, 5, 12, 0, '2017-08-09 21:58:32', NULL),
(1602, 46, 6, 12, 1, '2017-08-09 21:58:32', NULL),
(1603, 46, 7, 12, 0, '2017-08-09 21:58:32', NULL),
(1604, 46, 8, 12, 0, '2017-08-09 21:58:32', NULL),
(1605, 46, 9, 12, 0, '2017-08-09 21:58:32', NULL),
(1606, 46, 10, 12, 0, '2017-08-09 21:58:32', NULL),
(1607, 46, 11, 12, 0, '2017-08-09 21:58:32', NULL),
(1608, 46, 12, 12, 0, '2017-08-09 21:58:32', NULL),
(1609, 46, 1, 13, 1, '2017-08-09 21:58:32', NULL),
(1610, 46, 2, 13, 0, '2017-08-09 21:58:32', NULL),
(1611, 46, 3, 13, 1, '2017-08-09 21:58:32', NULL),
(1612, 46, 4, 13, 0, '2017-08-09 21:58:32', NULL),
(1613, 46, 5, 13, 0, '2017-08-09 21:58:32', NULL),
(1614, 46, 6, 13, 0, '2017-08-09 21:58:32', NULL),
(1615, 46, 7, 13, 0, '2017-08-09 21:58:32', NULL),
(1616, 46, 8, 13, 0, '2017-08-09 21:58:32', NULL),
(1617, 46, 9, 13, 0, '2017-08-09 21:58:32', NULL),
(1618, 46, 10, 13, 0, '2017-08-09 21:58:32', NULL),
(1619, 46, 11, 13, 0, '2017-08-09 21:58:32', NULL),
(1620, 46, 12, 13, 0, '2017-08-09 21:58:32', NULL),
(1621, 48, 1, 11, 1, '2017-08-09 22:02:33', NULL),
(1622, 48, 2, 11, 1, '2017-08-09 22:02:33', NULL),
(1623, 48, 3, 11, 0, '2017-08-09 22:02:33', NULL),
(1624, 48, 4, 11, 0, '2017-08-09 22:02:33', NULL),
(1625, 48, 5, 11, 1, '2017-08-09 22:02:33', NULL),
(1626, 48, 6, 11, 0, '2017-08-09 22:02:33', NULL),
(1627, 48, 7, 11, 0, '2017-08-09 22:02:33', NULL),
(1628, 48, 8, 11, 0, '2017-08-09 22:02:33', NULL),
(1629, 48, 9, 11, 0, '2017-08-09 22:02:33', NULL),
(1630, 48, 10, 11, 0, '2017-08-09 22:02:33', NULL),
(1631, 48, 11, 11, 0, '2017-08-09 22:02:33', NULL),
(1632, 48, 12, 11, 0, '2017-08-09 22:02:33', NULL),
(1633, 48, 1, 12, 1, '2017-08-09 22:02:33', NULL),
(1634, 48, 2, 12, 0, '2017-08-09 22:02:33', NULL),
(1635, 48, 3, 12, 0, '2017-08-09 22:02:33', NULL),
(1636, 48, 4, 12, 1, '2017-08-09 22:02:33', NULL),
(1637, 48, 5, 12, 0, '2017-08-09 22:02:33', NULL),
(1638, 48, 6, 12, 0, '2017-08-09 22:02:33', NULL),
(1639, 48, 7, 12, 0, '2017-08-09 22:02:33', NULL),
(1640, 48, 8, 12, 0, '2017-08-09 22:02:33', NULL),
(1641, 48, 9, 12, 0, '2017-08-09 22:02:33', NULL),
(1642, 48, 10, 12, 0, '2017-08-09 22:02:33', NULL),
(1643, 48, 11, 12, 0, '2017-08-09 22:02:33', NULL),
(1644, 48, 12, 12, 0, '2017-08-09 22:02:33', NULL),
(1645, 48, 1, 13, 0, '2017-08-09 22:02:33', NULL),
(1646, 48, 2, 13, 1, '2017-08-09 22:02:33', NULL),
(1647, 48, 3, 13, 0, '2017-08-09 22:02:33', NULL),
(1648, 48, 4, 13, 0, '2017-08-09 22:02:33', NULL),
(1649, 48, 5, 13, 1, '2017-08-09 22:02:33', NULL),
(1650, 48, 6, 13, 0, '2017-08-09 22:02:33', NULL),
(1651, 48, 7, 13, 0, '2017-08-09 22:02:33', NULL),
(1652, 48, 8, 13, 0, '2017-08-09 22:02:33', NULL),
(1653, 48, 9, 13, 0, '2017-08-09 22:02:33', NULL),
(1654, 48, 10, 13, 0, '2017-08-09 22:02:33', NULL),
(1655, 48, 11, 13, 0, '2017-08-09 22:02:33', NULL),
(1656, 48, 12, 13, 0, '2017-08-09 22:02:33', NULL),
(1657, 50, 1, 11, 0, '2017-08-09 22:06:31', NULL),
(1658, 50, 2, 11, 0, '2017-08-09 22:06:31', NULL),
(1659, 50, 3, 11, 1, '2017-08-09 22:06:31', NULL),
(1660, 50, 4, 11, 0, '2017-08-09 22:06:31', NULL),
(1661, 50, 5, 11, 0, '2017-08-09 22:06:31', NULL),
(1662, 50, 6, 11, 0, '2017-08-09 22:06:31', NULL),
(1663, 50, 7, 11, 0, '2017-08-09 22:06:31', NULL),
(1664, 50, 8, 11, 0, '2017-08-09 22:06:31', NULL),
(1665, 50, 9, 11, 0, '2017-08-09 22:06:31', NULL),
(1666, 50, 10, 11, 0, '2017-08-09 22:06:31', NULL),
(1667, 50, 11, 11, 0, '2017-08-09 22:06:31', NULL),
(1668, 50, 12, 11, 0, '2017-08-09 22:06:31', NULL),
(1669, 50, 1, 12, 0, '2017-08-09 22:06:31', NULL),
(1670, 50, 2, 12, 0, '2017-08-09 22:06:31', NULL),
(1671, 50, 3, 12, 0, '2017-08-09 22:06:31', NULL),
(1672, 50, 4, 12, 1, '2017-08-09 22:06:31', NULL),
(1673, 50, 5, 12, 0, '2017-08-09 22:06:31', NULL),
(1674, 50, 6, 12, 1, '2017-08-09 22:06:31', NULL),
(1675, 50, 7, 12, 0, '2017-08-09 22:06:31', NULL),
(1676, 50, 8, 12, 0, '2017-08-09 22:06:31', NULL),
(1677, 50, 9, 12, 0, '2017-08-09 22:06:31', NULL),
(1678, 50, 10, 12, 0, '2017-08-09 22:06:31', NULL),
(1679, 50, 11, 12, 0, '2017-08-09 22:06:31', NULL),
(1680, 50, 12, 12, 0, '2017-08-09 22:06:31', NULL),
(1681, 50, 1, 13, 1, '2017-08-09 22:06:31', NULL),
(1682, 50, 2, 13, 0, '2017-08-09 22:06:31', NULL),
(1683, 50, 3, 13, 1, '2017-08-09 22:06:31', NULL),
(1684, 50, 4, 13, 0, '2017-08-09 22:06:31', NULL),
(1685, 50, 5, 13, 0, '2017-08-09 22:06:31', NULL),
(1686, 50, 6, 13, 0, '2017-08-09 22:06:31', NULL),
(1687, 50, 7, 13, 0, '2017-08-09 22:06:31', NULL),
(1688, 50, 8, 13, 0, '2017-08-09 22:06:31', NULL),
(1689, 50, 9, 13, 0, '2017-08-09 22:06:31', NULL),
(1690, 50, 10, 13, 0, '2017-08-09 22:06:31', NULL),
(1691, 50, 11, 13, 0, '2017-08-09 22:06:31', NULL),
(1692, 50, 12, 13, 0, '2017-08-09 22:06:31', NULL),
(1693, 52, 1, 11, 1, '2017-08-09 22:10:15', NULL),
(1694, 52, 2, 11, 0, '2017-08-09 22:10:15', NULL),
(1695, 52, 3, 11, 0, '2017-08-09 22:10:15', NULL),
(1696, 52, 4, 11, 0, '2017-08-09 22:10:15', NULL),
(1697, 52, 5, 11, 1, '2017-08-09 22:10:15', NULL),
(1698, 52, 6, 11, 0, '2017-08-09 22:10:15', NULL),
(1699, 52, 7, 11, 0, '2017-08-09 22:10:15', NULL),
(1700, 52, 8, 11, 0, '2017-08-09 22:10:15', NULL),
(1701, 52, 9, 11, 0, '2017-08-09 22:10:15', NULL),
(1702, 52, 10, 11, 0, '2017-08-09 22:10:15', NULL),
(1703, 52, 11, 11, 0, '2017-08-09 22:10:15', NULL),
(1704, 52, 12, 11, 0, '2017-08-09 22:10:15', NULL),
(1705, 52, 1, 12, 0, '2017-08-09 22:10:15', NULL),
(1706, 52, 2, 12, 0, '2017-08-09 22:10:15', NULL),
(1707, 52, 3, 12, 1, '2017-08-09 22:10:15', NULL),
(1708, 52, 4, 12, 0, '2017-08-09 22:10:15', NULL),
(1709, 52, 5, 12, 1, '2017-08-09 22:10:15', NULL),
(1710, 52, 6, 12, 1, '2017-08-09 22:10:15', NULL),
(1711, 52, 7, 12, 0, '2017-08-09 22:10:15', NULL),
(1712, 52, 8, 12, 0, '2017-08-09 22:10:15', NULL),
(1713, 52, 9, 12, 0, '2017-08-09 22:10:15', NULL),
(1714, 52, 10, 12, 0, '2017-08-09 22:10:15', NULL),
(1715, 52, 11, 12, 0, '2017-08-09 22:10:15', NULL),
(1716, 52, 12, 12, 0, '2017-08-09 22:10:15', NULL),
(1717, 52, 1, 13, 0, '2017-08-09 22:10:15', NULL),
(1718, 52, 2, 13, 1, '2017-08-09 22:10:15', NULL),
(1719, 52, 3, 13, 0, '2017-08-09 22:10:15', NULL),
(1720, 52, 4, 13, 0, '2017-08-09 22:10:15', NULL),
(1721, 52, 5, 13, 0, '2017-08-09 22:10:15', NULL),
(1722, 52, 6, 13, 1, '2017-08-09 22:10:16', NULL),
(1723, 52, 7, 13, 0, '2017-08-09 22:10:16', NULL),
(1724, 52, 8, 13, 0, '2017-08-09 22:10:16', NULL),
(1725, 52, 9, 13, 0, '2017-08-09 22:10:16', NULL),
(1726, 52, 10, 13, 0, '2017-08-09 22:10:16', NULL),
(1727, 52, 11, 13, 0, '2017-08-09 22:10:16', NULL),
(1728, 52, 12, 13, 0, '2017-08-09 22:10:16', NULL),
(1729, 53, 1, 11, 1, '2017-08-09 22:13:37', NULL),
(1730, 53, 2, 11, 0, '2017-08-09 22:13:37', NULL),
(1731, 53, 3, 11, 1, '2017-08-09 22:13:37', NULL),
(1732, 53, 4, 11, 0, '2017-08-09 22:13:37', NULL),
(1733, 53, 5, 11, 0, '2017-08-09 22:13:37', NULL),
(1734, 53, 6, 11, 0, '2017-08-09 22:13:37', NULL),
(1735, 53, 7, 11, 0, '2017-08-09 22:13:37', NULL),
(1736, 53, 8, 11, 0, '2017-08-09 22:13:37', NULL),
(1737, 53, 9, 11, 0, '2017-08-09 22:13:37', NULL),
(1738, 53, 10, 11, 0, '2017-08-09 22:13:37', NULL),
(1739, 53, 11, 11, 0, '2017-08-09 22:13:37', NULL),
(1740, 53, 12, 11, 0, '2017-08-09 22:13:37', NULL),
(1741, 53, 1, 12, 0, '2017-08-09 22:13:37', NULL),
(1742, 53, 2, 12, 1, '2017-08-09 22:13:37', NULL),
(1743, 53, 3, 12, 0, '2017-08-09 22:13:37', NULL),
(1744, 53, 4, 12, 0, '2017-08-09 22:13:37', NULL),
(1745, 53, 5, 12, 0, '2017-08-09 22:13:37', NULL),
(1746, 53, 6, 12, 0, '2017-08-09 22:13:37', NULL),
(1747, 53, 7, 12, 1, '2017-08-09 22:13:37', NULL),
(1748, 53, 8, 12, 0, '2017-08-09 22:13:37', NULL),
(1749, 53, 9, 12, 0, '2017-08-09 22:13:37', NULL),
(1750, 53, 10, 12, 0, '2017-08-09 22:13:37', NULL),
(1751, 53, 11, 12, 0, '2017-08-09 22:13:37', NULL),
(1752, 53, 12, 12, 0, '2017-08-09 22:13:37', NULL),
(1753, 53, 1, 13, 1, '2017-08-09 22:13:37', NULL),
(1754, 53, 2, 13, 0, '2017-08-09 22:13:37', NULL),
(1755, 53, 3, 13, 1, '2017-08-09 22:13:37', NULL),
(1756, 53, 4, 13, 0, '2017-08-09 22:13:37', NULL),
(1757, 53, 5, 13, 0, '2017-08-09 22:13:37', NULL),
(1758, 53, 6, 13, 0, '2017-08-09 22:13:37', NULL),
(1759, 53, 7, 13, 0, '2017-08-09 22:13:37', NULL),
(1760, 53, 8, 13, 0, '2017-08-09 22:13:37', NULL),
(1761, 53, 9, 13, 0, '2017-08-09 22:13:37', NULL),
(1762, 53, 10, 13, 0, '2017-08-09 22:13:37', NULL),
(1763, 53, 11, 13, 0, '2017-08-09 22:13:37', NULL),
(1764, 53, 12, 13, 0, '2017-08-09 22:13:37', NULL),
(1765, 55, 1, 11, 0, '2017-08-09 22:18:16', NULL),
(1766, 55, 2, 11, 0, '2017-08-09 22:18:16', NULL),
(1767, 55, 3, 11, 1, '2017-08-09 22:18:16', NULL),
(1768, 55, 4, 11, 0, '2017-08-09 22:18:16', NULL),
(1769, 55, 5, 11, 0, '2017-08-09 22:18:16', NULL),
(1770, 55, 6, 11, 1, '2017-08-09 22:18:16', NULL),
(1771, 55, 7, 11, 1, '2017-08-09 22:18:16', NULL),
(1772, 55, 8, 11, 0, '2017-08-09 22:18:16', NULL),
(1773, 55, 9, 11, 0, '2017-08-09 22:18:16', NULL),
(1774, 55, 10, 11, 0, '2017-08-09 22:18:16', NULL),
(1775, 55, 11, 11, 0, '2017-08-09 22:18:16', NULL),
(1776, 55, 12, 11, 0, '2017-08-09 22:18:16', NULL),
(1777, 55, 1, 12, 1, '2017-08-09 22:18:16', NULL),
(1778, 55, 2, 12, 0, '2017-08-09 22:18:16', NULL),
(1779, 55, 3, 12, 0, '2017-08-09 22:18:16', NULL),
(1780, 55, 4, 12, 1, '2017-08-09 22:18:16', NULL),
(1781, 55, 5, 12, 0, '2017-08-09 22:18:16', NULL),
(1782, 55, 6, 12, 0, '2017-08-09 22:18:16', NULL),
(1783, 55, 7, 12, 0, '2017-08-09 22:18:16', NULL),
(1784, 55, 8, 12, 0, '2017-08-09 22:18:16', NULL),
(1785, 55, 9, 12, 0, '2017-08-09 22:18:16', NULL),
(1786, 55, 10, 12, 0, '2017-08-09 22:18:16', NULL),
(1787, 55, 11, 12, 0, '2017-08-09 22:18:16', NULL),
(1788, 55, 12, 12, 0, '2017-08-09 22:18:16', NULL),
(1789, 55, 1, 13, 1, '2017-08-09 22:18:16', NULL),
(1790, 55, 2, 13, 0, '2017-08-09 22:18:16', NULL),
(1791, 55, 3, 13, 0, '2017-08-09 22:18:16', NULL),
(1792, 55, 4, 13, 1, '2017-08-09 22:18:16', NULL),
(1793, 55, 5, 13, 0, '2017-08-09 22:18:16', NULL),
(1794, 55, 6, 13, 0, '2017-08-09 22:18:16', NULL),
(1795, 55, 7, 13, 0, '2017-08-09 22:18:16', NULL),
(1796, 55, 8, 13, 0, '2017-08-09 22:18:16', NULL),
(1797, 55, 9, 13, 0, '2017-08-09 22:18:16', NULL),
(1798, 55, 10, 13, 0, '2017-08-09 22:18:16', NULL),
(1799, 55, 11, 13, 0, '2017-08-09 22:18:16', NULL),
(1800, 55, 12, 13, 0, '2017-08-09 22:18:16', NULL),
(1801, 57, 1, 11, 0, '2017-08-09 22:30:40', '2017-08-09 22:30:40'),
(1802, 57, 2, 11, 0, '2017-08-09 22:30:40', '2017-08-09 22:30:40'),
(1803, 57, 3, 11, 0, '2017-08-09 22:30:40', '2017-08-09 22:30:40'),
(1804, 57, 4, 11, 0, '2017-08-09 22:30:40', '2017-08-09 22:30:40'),
(1805, 57, 5, 11, 0, '2017-08-09 22:30:40', '2017-08-09 22:30:40'),
(1806, 57, 6, 11, 0, '2017-08-09 22:30:40', '2017-08-09 22:30:40'),
(1807, 57, 7, 11, 0, '2017-08-09 22:30:40', '2017-08-09 22:30:40'),
(1808, 57, 8, 11, 0, '2017-08-09 22:30:40', '2017-08-09 22:30:40'),
(1809, 57, 9, 11, 0, '2017-08-09 22:30:40', '2017-08-09 22:30:40'),
(1810, 57, 10, 11, 0, '2017-08-09 22:30:40', '2017-08-09 22:30:40'),
(1811, 57, 11, 11, 0, '2017-08-09 22:30:40', '2017-08-09 22:30:40'),
(1812, 57, 12, 11, 0, '2017-08-09 22:30:40', '2017-08-09 22:30:40'),
(1813, 57, 1, 12, 0, '2017-08-09 22:30:40', NULL),
(1814, 57, 2, 12, 0, '2017-08-09 22:30:40', NULL),
(1815, 57, 3, 12, 0, '2017-08-09 22:30:40', NULL),
(1816, 57, 4, 12, 0, '2017-08-09 22:30:40', NULL),
(1817, 57, 5, 12, 0, '2017-08-09 22:30:40', NULL),
(1818, 57, 6, 12, 1, '2017-08-09 22:30:40', NULL),
(1819, 57, 7, 12, 0, '2017-08-09 22:30:40', NULL),
(1820, 57, 8, 12, 0, '2017-08-09 22:30:40', NULL),
(1821, 57, 9, 12, 0, '2017-08-09 22:30:40', NULL),
(1822, 57, 10, 12, 0, '2017-08-09 22:30:40', NULL),
(1823, 57, 11, 12, 0, '2017-08-09 22:30:40', NULL),
(1824, 57, 12, 12, 0, '2017-08-09 22:30:40', NULL),
(1825, 57, 1, 13, 0, '2017-08-09 22:30:40', NULL),
(1826, 57, 2, 13, 1, '2017-08-09 22:30:40', NULL),
(1827, 57, 3, 13, 0, '2017-08-09 22:30:40', NULL),
(1828, 57, 4, 13, 1, '2017-08-09 22:30:40', NULL),
(1829, 57, 5, 13, 0, '2017-08-09 22:30:40', NULL),
(1830, 57, 6, 13, 0, '2017-08-09 22:30:40', NULL),
(1831, 57, 7, 13, 0, '2017-08-09 22:30:40', NULL),
(1832, 57, 8, 13, 0, '2017-08-09 22:30:40', NULL),
(1833, 57, 9, 13, 0, '2017-08-09 22:30:40', NULL),
(1834, 57, 10, 13, 0, '2017-08-09 22:30:40', NULL),
(1835, 57, 11, 13, 0, '2017-08-09 22:30:40', NULL),
(1836, 57, 12, 13, 0, '2017-08-09 22:30:40', NULL),
(1837, 58, 1, 11, 1, '2017-08-09 22:34:30', NULL),
(1838, 58, 2, 11, 0, '2017-08-09 22:34:30', NULL),
(1839, 58, 3, 11, 1, '2017-08-09 22:34:30', NULL),
(1840, 58, 4, 11, 0, '2017-08-09 22:34:30', NULL),
(1841, 58, 5, 11, 0, '2017-08-09 22:34:30', NULL),
(1842, 58, 6, 11, 0, '2017-08-09 22:34:30', NULL),
(1843, 58, 7, 11, 0, '2017-08-09 22:34:30', NULL),
(1844, 58, 8, 11, 0, '2017-08-09 22:34:30', NULL),
(1845, 58, 9, 11, 0, '2017-08-09 22:34:30', NULL),
(1846, 58, 10, 11, 0, '2017-08-09 22:34:30', NULL),
(1847, 58, 11, 11, 0, '2017-08-09 22:34:30', NULL),
(1848, 58, 12, 11, 0, '2017-08-09 22:34:30', NULL),
(1849, 58, 1, 12, 1, '2017-08-09 22:34:30', NULL),
(1850, 58, 2, 12, 0, '2017-08-09 22:34:30', NULL),
(1851, 58, 3, 12, 1, '2017-08-09 22:34:30', NULL),
(1852, 58, 4, 12, 0, '2017-08-09 22:34:30', NULL),
(1853, 58, 5, 12, 0, '2017-08-09 22:34:30', NULL),
(1854, 58, 6, 12, 0, '2017-08-09 22:34:30', NULL),
(1855, 58, 7, 12, 0, '2017-08-09 22:34:30', NULL),
(1856, 58, 8, 12, 0, '2017-08-09 22:34:30', NULL),
(1857, 58, 9, 12, 0, '2017-08-09 22:34:30', NULL),
(1858, 58, 10, 12, 0, '2017-08-09 22:34:30', NULL),
(1859, 58, 11, 12, 0, '2017-08-09 22:34:30', NULL),
(1860, 58, 12, 12, 0, '2017-08-09 22:34:30', NULL),
(1861, 58, 1, 13, 1, '2017-08-09 22:34:30', NULL),
(1862, 58, 2, 13, 0, '2017-08-09 22:34:30', NULL),
(1863, 58, 3, 13, 0, '2017-08-09 22:34:30', NULL),
(1864, 58, 4, 13, 0, '2017-08-09 22:34:30', NULL),
(1865, 58, 5, 13, 0, '2017-08-09 22:34:30', NULL),
(1866, 58, 6, 13, 0, '2017-08-09 22:34:30', NULL),
(1867, 58, 7, 13, 0, '2017-08-09 22:34:30', NULL),
(1868, 58, 8, 13, 0, '2017-08-09 22:34:30', NULL),
(1869, 58, 9, 13, 1, '2017-08-09 22:34:30', NULL),
(1870, 58, 10, 13, 0, '2017-08-09 22:34:30', NULL),
(1871, 58, 11, 13, 0, '2017-08-09 22:34:30', NULL),
(1872, 58, 12, 13, 0, '2017-08-09 22:34:30', NULL),
(1873, 60, 1, 11, 1, '2017-08-09 22:37:13', NULL),
(1874, 60, 2, 11, 0, '2017-08-09 22:37:13', NULL),
(1875, 60, 3, 11, 0, '2017-08-09 22:37:13', NULL),
(1876, 60, 4, 11, 0, '2017-08-09 22:37:13', NULL),
(1877, 60, 5, 11, 0, '2017-08-09 22:37:13', NULL),
(1878, 60, 6, 11, 1, '2017-08-09 22:37:13', NULL),
(1879, 60, 7, 11, 0, '2017-08-09 22:37:13', NULL),
(1880, 60, 8, 11, 0, '2017-08-09 22:37:13', NULL),
(1881, 60, 9, 11, 0, '2017-08-09 22:37:13', NULL),
(1882, 60, 10, 11, 0, '2017-08-09 22:37:13', NULL),
(1883, 60, 11, 11, 0, '2017-08-09 22:37:13', NULL),
(1884, 60, 12, 11, 0, '2017-08-09 22:37:13', NULL),
(1885, 60, 1, 12, 1, '2017-08-09 22:37:13', NULL),
(1886, 60, 2, 12, 0, '2017-08-09 22:37:13', NULL),
(1887, 60, 3, 12, 0, '2017-08-09 22:37:13', NULL),
(1888, 60, 4, 12, 1, '2017-08-09 22:37:13', NULL),
(1889, 60, 5, 12, 0, '2017-08-09 22:37:13', NULL),
(1890, 60, 6, 12, 0, '2017-08-09 22:37:13', NULL),
(1891, 60, 7, 12, 0, '2017-08-09 22:37:13', NULL),
(1892, 60, 8, 12, 0, '2017-08-09 22:37:13', NULL),
(1893, 60, 9, 12, 0, '2017-08-09 22:37:13', NULL),
(1894, 60, 10, 12, 0, '2017-08-09 22:37:13', NULL),
(1895, 60, 11, 12, 0, '2017-08-09 22:37:13', NULL),
(1896, 60, 12, 12, 0, '2017-08-09 22:37:13', NULL),
(1897, 60, 1, 13, 0, '2017-08-09 22:37:13', NULL),
(1898, 60, 2, 13, 0, '2017-08-09 22:37:13', NULL),
(1899, 60, 3, 13, 0, '2017-08-09 22:37:13', NULL),
(1900, 60, 4, 13, 0, '2017-08-09 22:37:13', NULL),
(1901, 60, 5, 13, 0, '2017-08-09 22:37:13', NULL),
(1902, 60, 6, 13, 0, '2017-08-09 22:37:13', NULL),
(1903, 60, 7, 13, 1, '2017-08-09 22:37:13', NULL),
(1904, 60, 8, 13, 0, '2017-08-09 22:37:13', NULL),
(1905, 60, 9, 13, 0, '2017-08-09 22:37:13', NULL),
(1906, 60, 10, 13, 0, '2017-08-09 22:37:13', NULL),
(1907, 60, 11, 13, 0, '2017-08-09 22:37:13', NULL),
(1908, 60, 12, 13, 0, '2017-08-09 22:37:13', NULL),
(1909, 62, 1, 11, 1, '2017-08-09 22:40:02', NULL),
(1910, 62, 2, 11, 0, '2017-08-09 22:40:02', NULL),
(1911, 62, 3, 11, 0, '2017-08-09 22:40:02', NULL),
(1912, 62, 4, 11, 0, '2017-08-09 22:40:02', NULL),
(1913, 62, 5, 11, 1, '2017-08-09 22:40:02', NULL),
(1914, 62, 6, 11, 0, '2017-08-09 22:40:02', NULL),
(1915, 62, 7, 11, 0, '2017-08-09 22:40:02', NULL),
(1916, 62, 8, 11, 0, '2017-08-09 22:40:02', NULL),
(1917, 62, 9, 11, 0, '2017-08-09 22:40:02', NULL),
(1918, 62, 10, 11, 0, '2017-08-09 22:40:02', NULL),
(1919, 62, 11, 11, 0, '2017-08-09 22:40:02', NULL),
(1920, 62, 12, 11, 0, '2017-08-09 22:40:02', NULL),
(1921, 62, 1, 12, 0, '2017-08-09 22:40:02', NULL),
(1922, 62, 2, 12, 1, '2017-08-09 22:40:02', NULL),
(1923, 62, 3, 12, 1, '2017-08-09 22:40:02', NULL),
(1924, 62, 4, 12, 0, '2017-08-09 22:40:02', NULL),
(1925, 62, 5, 12, 0, '2017-08-09 22:40:02', NULL),
(1926, 62, 6, 12, 0, '2017-08-09 22:40:02', NULL),
(1927, 62, 7, 12, 0, '2017-08-09 22:40:02', NULL),
(1928, 62, 8, 12, 0, '2017-08-09 22:40:02', NULL),
(1929, 62, 9, 12, 0, '2017-08-09 22:40:02', NULL),
(1930, 62, 10, 12, 0, '2017-08-09 22:40:02', NULL),
(1931, 62, 11, 12, 0, '2017-08-09 22:40:02', NULL),
(1932, 62, 12, 12, 0, '2017-08-09 22:40:02', NULL),
(1933, 62, 1, 13, 1, '2017-08-09 22:40:02', NULL),
(1934, 62, 2, 13, 0, '2017-08-09 22:40:02', NULL),
(1935, 62, 3, 13, 0, '2017-08-09 22:40:02', NULL),
(1936, 62, 4, 13, 1, '2017-08-09 22:40:02', NULL),
(1937, 62, 5, 13, 0, '2017-08-09 22:40:02', NULL),
(1938, 62, 6, 13, 0, '2017-08-09 22:40:02', NULL),
(1939, 62, 7, 13, 0, '2017-08-09 22:40:02', NULL),
(1940, 62, 8, 13, 0, '2017-08-09 22:40:02', NULL),
(1941, 62, 9, 13, 0, '2017-08-09 22:40:02', NULL),
(1942, 62, 10, 13, 0, '2017-08-09 22:40:02', NULL),
(1943, 62, 11, 13, 0, '2017-08-09 22:40:02', NULL),
(1944, 62, 12, 13, 0, '2017-08-09 22:40:02', NULL),
(1945, 64, 1, 11, 1, '2017-08-09 22:44:32', NULL),
(1946, 64, 2, 11, 0, '2017-08-09 22:44:32', NULL),
(1947, 64, 3, 11, 0, '2017-08-09 22:44:32', NULL),
(1948, 64, 4, 11, 0, '2017-08-09 22:44:32', NULL),
(1949, 64, 5, 11, 0, '2017-08-09 22:44:32', NULL),
(1950, 64, 6, 11, 0, '2017-08-09 22:44:32', NULL),
(1951, 64, 7, 11, 1, '2017-08-09 22:44:32', NULL),
(1952, 64, 8, 11, 0, '2017-08-09 22:44:32', NULL),
(1953, 64, 9, 11, 0, '2017-08-09 22:44:32', NULL),
(1954, 64, 10, 11, 0, '2017-08-09 22:44:32', NULL),
(1955, 64, 11, 11, 0, '2017-08-09 22:44:32', NULL),
(1956, 64, 12, 11, 0, '2017-08-09 22:44:32', NULL),
(1957, 64, 1, 12, 0, '2017-08-09 22:44:32', NULL),
(1958, 64, 2, 12, 1, '2017-08-09 22:44:32', NULL),
(1959, 64, 3, 12, 0, '2017-08-09 22:44:32', NULL),
(1960, 64, 4, 12, 1, '2017-08-09 22:44:32', NULL),
(1961, 64, 5, 12, 0, '2017-08-09 22:44:32', NULL),
(1962, 64, 6, 12, 0, '2017-08-09 22:44:32', NULL),
(1963, 64, 7, 12, 0, '2017-08-09 22:44:32', NULL),
(1964, 64, 8, 12, 0, '2017-08-09 22:44:32', NULL),
(1965, 64, 9, 12, 0, '2017-08-09 22:44:32', NULL),
(1966, 64, 10, 12, 0, '2017-08-09 22:44:32', NULL),
(1967, 64, 11, 12, 0, '2017-08-09 22:44:32', NULL),
(1968, 64, 12, 12, 0, '2017-08-09 22:44:32', NULL),
(1969, 64, 1, 13, 0, '2017-08-09 22:44:32', NULL),
(1970, 64, 2, 13, 1, '2017-08-09 22:44:32', NULL),
(1971, 64, 3, 13, 0, '2017-08-09 22:44:32', NULL),
(1972, 64, 4, 13, 0, '2017-08-09 22:44:32', NULL),
(1973, 64, 5, 13, 0, '2017-08-09 22:44:32', NULL),
(1974, 64, 6, 13, 1, '2017-08-09 22:44:32', NULL),
(1975, 64, 7, 13, 0, '2017-08-09 22:44:32', NULL),
(1976, 64, 8, 13, 0, '2017-08-09 22:44:32', NULL),
(1977, 64, 9, 13, 0, '2017-08-09 22:44:32', NULL),
(1978, 64, 10, 13, 0, '2017-08-09 22:44:32', NULL),
(1979, 64, 11, 13, 0, '2017-08-09 22:44:32', NULL),
(1980, 64, 12, 13, 0, '2017-08-09 22:44:32', NULL),
(1981, 65, 1, 11, 1, '2017-08-09 22:47:30', NULL),
(1982, 65, 2, 11, 0, '2017-08-09 22:47:30', NULL),
(1983, 65, 3, 11, 1, '2017-08-09 22:47:30', NULL),
(1984, 65, 4, 11, 0, '2017-08-09 22:47:30', NULL),
(1985, 65, 5, 11, 0, '2017-08-09 22:47:30', NULL),
(1986, 65, 6, 11, 0, '2017-08-09 22:47:30', NULL),
(1987, 65, 7, 11, 0, '2017-08-09 22:47:30', NULL),
(1988, 65, 8, 11, 0, '2017-08-09 22:47:30', NULL),
(1989, 65, 9, 11, 0, '2017-08-09 22:47:30', NULL),
(1990, 65, 10, 11, 0, '2017-08-09 22:47:30', NULL),
(1991, 65, 11, 11, 0, '2017-08-09 22:47:30', NULL),
(1992, 65, 12, 11, 0, '2017-08-09 22:47:30', NULL),
(1993, 65, 1, 12, 0, '2017-08-09 22:47:30', NULL),
(1994, 65, 2, 12, 0, '2017-08-09 22:47:30', NULL),
(1995, 65, 3, 12, 0, '2017-08-09 22:47:30', NULL),
(1996, 65, 4, 12, 1, '2017-08-09 22:47:30', NULL),
(1997, 65, 5, 12, 0, '2017-08-09 22:47:30', NULL),
(1998, 65, 6, 12, 0, '2017-08-09 22:47:31', NULL),
(1999, 65, 7, 12, 0, '2017-08-09 22:47:31', NULL),
(2000, 65, 8, 12, 0, '2017-08-09 22:47:31', NULL),
(2001, 65, 9, 12, 0, '2017-08-09 22:47:31', NULL),
(2002, 65, 10, 12, 0, '2017-08-09 22:47:31', NULL),
(2003, 65, 11, 12, 0, '2017-08-09 22:47:31', NULL),
(2004, 65, 12, 12, 0, '2017-08-09 22:47:31', NULL),
(2005, 65, 1, 13, 0, '2017-08-09 22:47:31', NULL),
(2006, 65, 2, 13, 0, '2017-08-09 22:47:31', NULL),
(2007, 65, 3, 13, 0, '2017-08-09 22:47:31', NULL),
(2008, 65, 4, 13, 1, '2017-08-09 22:47:31', NULL),
(2009, 65, 5, 13, 0, '2017-08-09 22:47:31', NULL),
(2010, 65, 6, 13, 0, '2017-08-09 22:47:31', NULL),
(2011, 65, 7, 13, 1, '2017-08-09 22:47:31', NULL),
(2012, 65, 8, 13, 0, '2017-08-09 22:47:31', NULL),
(2013, 65, 9, 13, 0, '2017-08-09 22:47:31', NULL),
(2014, 65, 10, 13, 0, '2017-08-09 22:47:31', NULL),
(2015, 65, 11, 13, 0, '2017-08-09 22:47:31', NULL),
(2016, 65, 12, 13, 0, '2017-08-09 22:47:31', NULL),
(2017, 67, 1, 11, 1, '2017-08-09 22:51:52', NULL),
(2018, 67, 2, 11, 0, '2017-08-09 22:51:52', NULL),
(2019, 67, 3, 11, 0, '2017-08-09 22:51:52', NULL),
(2020, 67, 4, 11, 1, '2017-08-09 22:51:52', NULL),
(2021, 67, 5, 11, 0, '2017-08-09 22:51:52', NULL),
(2022, 67, 6, 11, 0, '2017-08-09 22:51:52', NULL),
(2023, 67, 7, 11, 0, '2017-08-09 22:51:52', NULL),
(2024, 67, 8, 11, 0, '2017-08-09 22:51:52', NULL),
(2025, 67, 9, 11, 0, '2017-08-09 22:51:52', NULL),
(2026, 67, 10, 11, 0, '2017-08-09 22:51:52', NULL),
(2027, 67, 11, 11, 0, '2017-08-09 22:51:52', NULL),
(2028, 67, 12, 11, 0, '2017-08-09 22:51:52', NULL),
(2029, 67, 1, 12, 1, '2017-08-09 22:51:52', NULL),
(2030, 67, 2, 12, 0, '2017-08-09 22:51:52', NULL),
(2031, 67, 3, 12, 0, '2017-08-09 22:51:52', NULL),
(2032, 67, 4, 12, 0, '2017-08-09 22:51:52', NULL),
(2033, 67, 5, 12, 0, '2017-08-09 22:51:52', NULL),
(2034, 67, 6, 12, 0, '2017-08-09 22:51:52', NULL),
(2035, 67, 7, 12, 0, '2017-08-09 22:51:52', NULL),
(2036, 67, 8, 12, 0, '2017-08-09 22:51:52', NULL),
(2037, 67, 9, 12, 0, '2017-08-09 22:51:52', NULL),
(2038, 67, 10, 12, 0, '2017-08-09 22:51:52', NULL),
(2039, 67, 11, 12, 0, '2017-08-09 22:51:52', NULL),
(2040, 67, 12, 12, 0, '2017-08-09 22:51:52', NULL),
(2041, 67, 1, 13, 0, '2017-08-09 22:51:52', NULL),
(2042, 67, 2, 13, 1, '2017-08-09 22:51:52', NULL),
(2043, 67, 3, 13, 0, '2017-08-09 22:51:52', NULL),
(2044, 67, 4, 13, 0, '2017-08-09 22:51:52', NULL),
(2045, 67, 5, 13, 1, '2017-08-09 22:51:52', NULL),
(2046, 67, 6, 13, 0, '2017-08-09 22:51:52', NULL),
(2047, 67, 7, 13, 0, '2017-08-09 22:51:52', NULL),
(2048, 67, 8, 13, 0, '2017-08-09 22:51:52', NULL),
(2049, 67, 9, 13, 0, '2017-08-09 22:51:52', NULL),
(2050, 67, 10, 13, 0, '2017-08-09 22:51:52', NULL),
(2051, 67, 11, 13, 0, '2017-08-09 22:51:52', NULL),
(2052, 67, 12, 13, 0, '2017-08-09 22:51:52', NULL),
(2053, 68, 1, 11, 1, '2017-08-09 22:55:15', NULL),
(2054, 68, 2, 11, 0, '2017-08-09 22:55:15', NULL),
(2055, 68, 3, 11, 0, '2017-08-09 22:55:15', NULL),
(2056, 68, 4, 11, 0, '2017-08-09 22:55:15', NULL),
(2057, 68, 5, 11, 0, '2017-08-09 22:55:15', NULL),
(2058, 68, 6, 11, 1, '2017-08-09 22:55:15', NULL),
(2059, 68, 7, 11, 0, '2017-08-09 22:55:15', NULL),
(2060, 68, 8, 11, 0, '2017-08-09 22:55:15', NULL),
(2061, 68, 9, 11, 0, '2017-08-09 22:55:15', NULL),
(2062, 68, 10, 11, 0, '2017-08-09 22:55:15', NULL),
(2063, 68, 11, 11, 0, '2017-08-09 22:55:15', NULL),
(2064, 68, 12, 11, 0, '2017-08-09 22:55:15', NULL),
(2065, 68, 1, 12, 0, '2017-08-09 22:55:15', NULL),
(2066, 68, 2, 12, 0, '2017-08-09 22:55:15', NULL),
(2067, 68, 3, 12, 1, '2017-08-09 22:55:15', NULL),
(2068, 68, 4, 12, 0, '2017-08-09 22:55:15', NULL),
(2069, 68, 5, 12, 0, '2017-08-09 22:55:15', NULL),
(2070, 68, 6, 12, 1, '2017-08-09 22:55:15', NULL),
(2071, 68, 7, 12, 0, '2017-08-09 22:55:15', NULL),
(2072, 68, 8, 12, 0, '2017-08-09 22:55:15', NULL),
(2073, 68, 9, 12, 0, '2017-08-09 22:55:15', NULL),
(2074, 68, 10, 12, 0, '2017-08-09 22:55:15', NULL),
(2075, 68, 11, 12, 0, '2017-08-09 22:55:15', NULL),
(2076, 68, 12, 12, 0, '2017-08-09 22:55:15', NULL),
(2077, 68, 1, 13, 0, '2017-08-09 22:55:15', NULL),
(2078, 68, 2, 13, 1, '2017-08-09 22:55:15', NULL),
(2079, 68, 3, 13, 0, '2017-08-09 22:55:15', NULL),
(2080, 68, 4, 13, 1, '2017-08-09 22:55:15', NULL),
(2081, 68, 5, 13, 0, '2017-08-09 22:55:15', NULL),
(2082, 68, 6, 13, 0, '2017-08-09 22:55:15', NULL),
(2083, 68, 7, 13, 0, '2017-08-09 22:55:15', NULL),
(2084, 68, 8, 13, 0, '2017-08-09 22:55:15', NULL),
(2085, 68, 9, 13, 0, '2017-08-09 22:55:15', NULL),
(2086, 68, 10, 13, 0, '2017-08-09 22:55:15', NULL),
(2087, 68, 11, 13, 0, '2017-08-09 22:55:15', NULL),
(2088, 68, 12, 13, 0, '2017-08-09 22:55:15', NULL),
(2089, 70, 1, 11, 0, '2017-08-09 22:58:12', NULL),
(2090, 70, 2, 11, 1, '2017-08-09 22:58:12', NULL),
(2091, 70, 3, 11, 0, '2017-08-09 22:58:12', NULL),
(2092, 70, 4, 11, 1, '2017-08-09 22:58:12', NULL),
(2093, 70, 5, 11, 0, '2017-08-09 22:58:12', NULL),
(2094, 70, 6, 11, 0, '2017-08-09 22:58:12', NULL),
(2095, 70, 7, 11, 0, '2017-08-09 22:58:12', NULL),
(2096, 70, 8, 11, 0, '2017-08-09 22:58:12', NULL),
(2097, 70, 9, 11, 0, '2017-08-09 22:58:12', NULL),
(2098, 70, 10, 11, 0, '2017-08-09 22:58:12', NULL),
(2099, 70, 11, 11, 0, '2017-08-09 22:58:12', NULL),
(2100, 70, 12, 11, 0, '2017-08-09 22:58:12', NULL),
(2101, 70, 1, 12, 0, '2017-08-09 22:58:12', NULL),
(2102, 70, 2, 12, 1, '2017-08-09 22:58:12', NULL),
(2103, 70, 3, 12, 0, '2017-08-09 22:58:12', NULL),
(2104, 70, 4, 12, 0, '2017-08-09 22:58:12', NULL),
(2105, 70, 5, 12, 1, '2017-08-09 22:58:12', NULL),
(2106, 70, 6, 12, 0, '2017-08-09 22:58:12', NULL),
(2107, 70, 7, 12, 1, '2017-08-09 22:58:12', NULL),
(2108, 70, 8, 12, 0, '2017-08-09 22:58:12', NULL),
(2109, 70, 9, 12, 0, '2017-08-09 22:58:12', NULL),
(2110, 70, 10, 12, 0, '2017-08-09 22:58:12', NULL),
(2111, 70, 11, 12, 0, '2017-08-09 22:58:12', NULL),
(2112, 70, 12, 12, 0, '2017-08-09 22:58:12', NULL),
(2113, 70, 1, 13, 1, '2017-08-09 22:58:12', NULL),
(2114, 70, 2, 13, 0, '2017-08-09 22:58:12', NULL),
(2115, 70, 3, 13, 0, '2017-08-09 22:58:12', NULL),
(2116, 70, 4, 13, 0, '2017-08-09 22:58:12', NULL),
(2117, 70, 5, 13, 0, '2017-08-09 22:58:12', NULL),
(2118, 70, 6, 13, 1, '2017-08-09 22:58:12', NULL),
(2119, 70, 7, 13, 0, '2017-08-09 22:58:12', NULL),
(2120, 70, 8, 13, 0, '2017-08-09 22:58:12', NULL),
(2121, 70, 9, 13, 0, '2017-08-09 22:58:12', NULL),
(2122, 70, 10, 13, 0, '2017-08-09 22:58:12', NULL),
(2123, 70, 11, 13, 0, '2017-08-09 22:58:12', NULL),
(2124, 70, 12, 13, 0, '2017-08-09 22:58:12', NULL),
(2125, 72, 1, 11, 1, '2017-08-09 23:02:24', NULL),
(2126, 72, 2, 11, 0, '2017-08-09 23:02:24', NULL),
(2127, 72, 3, 11, 1, '2017-08-09 23:02:24', NULL),
(2128, 72, 4, 11, 0, '2017-08-09 23:02:24', NULL),
(2129, 72, 5, 11, 0, '2017-08-09 23:02:24', NULL),
(2130, 72, 6, 11, 0, '2017-08-09 23:02:24', NULL),
(2131, 72, 7, 11, 0, '2017-08-09 23:02:24', NULL),
(2132, 72, 8, 11, 0, '2017-08-09 23:02:24', NULL),
(2133, 72, 9, 11, 0, '2017-08-09 23:02:24', NULL),
(2134, 72, 10, 11, 0, '2017-08-09 23:02:24', NULL),
(2135, 72, 11, 11, 0, '2017-08-09 23:02:24', NULL),
(2136, 72, 12, 11, 0, '2017-08-09 23:02:24', NULL),
(2137, 72, 1, 12, 1, '2017-08-09 23:02:24', NULL),
(2138, 72, 2, 12, 0, '2017-08-09 23:02:24', NULL),
(2139, 72, 3, 12, 0, '2017-08-09 23:02:24', NULL),
(2140, 72, 4, 12, 0, '2017-08-09 23:02:24', NULL),
(2141, 72, 5, 12, 0, '2017-08-09 23:02:24', NULL),
(2142, 72, 6, 12, 1, '2017-08-09 23:02:24', NULL),
(2143, 72, 7, 12, 0, '2017-08-09 23:02:24', NULL),
(2144, 72, 8, 12, 0, '2017-08-09 23:02:24', NULL),
(2145, 72, 9, 12, 0, '2017-08-09 23:02:24', NULL),
(2146, 72, 10, 12, 0, '2017-08-09 23:02:24', NULL),
(2147, 72, 11, 12, 0, '2017-08-09 23:02:24', NULL),
(2148, 72, 12, 12, 0, '2017-08-09 23:02:24', NULL),
(2149, 72, 1, 13, 0, '2017-08-09 23:02:24', NULL),
(2150, 72, 2, 13, 1, '2017-08-09 23:02:24', NULL),
(2151, 72, 3, 13, 0, '2017-08-09 23:02:24', NULL),
(2152, 72, 4, 13, 0, '2017-08-09 23:02:24', NULL),
(2153, 72, 5, 13, 0, '2017-08-09 23:02:24', NULL),
(2154, 72, 6, 13, 1, '2017-08-09 23:02:24', NULL),
(2155, 72, 7, 13, 0, '2017-08-09 23:02:24', NULL),
(2156, 72, 8, 13, 0, '2017-08-09 23:02:24', NULL),
(2157, 72, 9, 13, 0, '2017-08-09 23:02:24', NULL),
(2158, 72, 10, 13, 0, '2017-08-09 23:02:24', NULL),
(2159, 72, 11, 13, 0, '2017-08-09 23:02:24', NULL),
(2160, 72, 12, 13, 0, '2017-08-09 23:02:24', NULL),
(2161, 73, 1, 11, 1, '2017-08-09 23:06:53', NULL),
(2162, 73, 2, 11, 0, '2017-08-09 23:06:53', NULL),
(2163, 73, 3, 11, 0, '2017-08-09 23:06:53', NULL),
(2164, 73, 4, 11, 0, '2017-08-09 23:06:53', NULL),
(2165, 73, 5, 11, 0, '2017-08-09 23:06:53', NULL),
(2166, 73, 6, 11, 0, '2017-08-09 23:06:53', NULL),
(2167, 73, 7, 11, 0, '2017-08-09 23:06:53', NULL),
(2168, 73, 8, 11, 0, '2017-08-09 23:06:53', NULL),
(2169, 73, 9, 11, 0, '2017-08-09 23:06:53', NULL),
(2170, 73, 10, 11, 0, '2017-08-09 23:06:53', NULL),
(2171, 73, 11, 11, 0, '2017-08-09 23:06:53', NULL),
(2172, 73, 12, 11, 0, '2017-08-09 23:06:53', NULL),
(2173, 73, 1, 12, 1, '2017-08-09 23:06:53', NULL),
(2174, 73, 2, 12, 0, '2017-08-09 23:06:53', NULL),
(2175, 73, 3, 12, 0, '2017-08-09 23:06:53', NULL),
(2176, 73, 4, 12, 0, '2017-08-09 23:06:53', NULL),
(2177, 73, 5, 12, 0, '2017-08-09 23:06:53', NULL),
(2178, 73, 6, 12, 1, '2017-08-09 23:06:53', NULL),
(2179, 73, 7, 12, 0, '2017-08-09 23:06:53', NULL),
(2180, 73, 8, 12, 0, '2017-08-09 23:06:53', NULL),
(2181, 73, 9, 12, 0, '2017-08-09 23:06:53', NULL),
(2182, 73, 10, 12, 0, '2017-08-09 23:06:53', NULL),
(2183, 73, 11, 12, 0, '2017-08-09 23:06:53', NULL),
(2184, 73, 12, 12, 0, '2017-08-09 23:06:53', NULL),
(2185, 73, 1, 13, 1, '2017-08-09 23:06:53', NULL),
(2186, 73, 2, 13, 0, '2017-08-09 23:06:53', NULL),
(2187, 73, 3, 13, 0, '2017-08-09 23:06:53', NULL),
(2188, 73, 4, 13, 0, '2017-08-09 23:06:53', NULL),
(2189, 73, 5, 13, 0, '2017-08-09 23:06:53', NULL),
(2190, 73, 6, 13, 0, '2017-08-09 23:06:53', NULL),
(2191, 73, 7, 13, 0, '2017-08-09 23:06:53', NULL),
(2192, 73, 8, 13, 0, '2017-08-09 23:06:53', NULL),
(2193, 73, 9, 13, 0, '2017-08-09 23:06:53', NULL),
(2194, 73, 10, 13, 1, '2017-08-09 23:06:53', NULL),
(2195, 73, 11, 13, 0, '2017-08-09 23:06:53', NULL),
(2196, 73, 12, 13, 0, '2017-08-09 23:06:53', NULL),
(2197, 74, 1, 11, 0, '2017-08-09 23:09:52', NULL),
(2198, 74, 2, 11, 0, '2017-08-09 23:09:52', NULL),
(2199, 74, 3, 11, 1, '2017-08-09 23:09:52', NULL),
(2200, 74, 4, 11, 0, '2017-08-09 23:09:52', NULL),
(2201, 74, 5, 11, 0, '2017-08-09 23:09:52', NULL),
(2202, 74, 6, 11, 1, '2017-08-09 23:09:52', NULL),
(2203, 74, 7, 11, 0, '2017-08-09 23:09:52', NULL),
(2204, 74, 8, 11, 0, '2017-08-09 23:09:52', NULL),
(2205, 74, 9, 11, 0, '2017-08-09 23:09:52', NULL),
(2206, 74, 10, 11, 0, '2017-08-09 23:09:52', NULL),
(2207, 74, 11, 11, 0, '2017-08-09 23:09:52', NULL),
(2208, 74, 12, 11, 0, '2017-08-09 23:09:52', NULL),
(2209, 74, 1, 12, 0, '2017-08-09 23:09:52', NULL),
(2210, 74, 2, 12, 1, '2017-08-09 23:09:52', NULL),
(2211, 74, 3, 12, 1, '2017-08-09 23:09:52', NULL),
(2212, 74, 4, 12, 0, '2017-08-09 23:09:52', NULL),
(2213, 74, 5, 12, 0, '2017-08-09 23:09:52', NULL),
(2214, 74, 6, 12, 0, '2017-08-09 23:09:52', NULL),
(2215, 74, 7, 12, 0, '2017-08-09 23:09:52', NULL),
(2216, 74, 8, 12, 1, '2017-08-09 23:09:52', NULL),
(2217, 74, 9, 12, 0, '2017-08-09 23:09:52', NULL),
(2218, 74, 10, 12, 0, '2017-08-09 23:09:52', NULL),
(2219, 74, 11, 12, 0, '2017-08-09 23:09:52', NULL),
(2220, 74, 12, 12, 0, '2017-08-09 23:09:52', NULL),
(2221, 74, 1, 13, 1, '2017-08-09 23:09:52', NULL),
(2222, 74, 2, 13, 0, '2017-08-09 23:09:52', NULL),
(2223, 74, 3, 13, 0, '2017-08-09 23:09:52', NULL),
(2224, 74, 4, 13, 0, '2017-08-09 23:09:52', NULL),
(2225, 74, 5, 13, 1, '2017-08-09 23:09:52', NULL),
(2226, 74, 6, 13, 0, '2017-08-09 23:09:52', NULL),
(2227, 74, 7, 13, 1, '2017-08-09 23:09:52', NULL),
(2228, 74, 8, 13, 0, '2017-08-09 23:09:52', NULL),
(2229, 74, 9, 13, 0, '2017-08-09 23:09:52', NULL),
(2230, 74, 10, 13, 0, '2017-08-09 23:09:52', NULL),
(2231, 74, 11, 13, 0, '2017-08-09 23:09:52', NULL),
(2232, 74, 12, 13, 0, '2017-08-09 23:09:52', NULL),
(2233, 75, 1, 11, 1, '2017-08-09 23:12:56', NULL),
(2234, 75, 2, 11, 0, '2017-08-09 23:12:56', NULL),
(2235, 75, 3, 11, 0, '2017-08-09 23:12:56', NULL),
(2236, 75, 4, 11, 0, '2017-08-09 23:12:56', NULL),
(2237, 75, 5, 11, 0, '2017-08-09 23:12:56', NULL),
(2238, 75, 6, 11, 1, '2017-08-09 23:12:56', NULL),
(2239, 75, 7, 11, 0, '2017-08-09 23:12:56', NULL),
(2240, 75, 8, 11, 0, '2017-08-09 23:12:56', NULL),
(2241, 75, 9, 11, 0, '2017-08-09 23:12:56', NULL),
(2242, 75, 10, 11, 0, '2017-08-09 23:12:56', NULL),
(2243, 75, 11, 11, 0, '2017-08-09 23:12:56', NULL),
(2244, 75, 12, 11, 0, '2017-08-09 23:12:56', NULL),
(2245, 75, 1, 12, 1, '2017-08-09 23:12:56', NULL),
(2246, 75, 2, 12, 1, '2017-08-09 23:12:56', NULL),
(2247, 75, 3, 12, 0, '2017-08-09 23:12:56', NULL),
(2248, 75, 4, 12, 0, '2017-08-09 23:12:56', NULL),
(2249, 75, 5, 12, 0, '2017-08-09 23:12:56', NULL),
(2250, 75, 6, 12, 0, '2017-08-09 23:12:56', NULL),
(2251, 75, 7, 12, 0, '2017-08-09 23:12:56', NULL),
(2252, 75, 8, 12, 0, '2017-08-09 23:12:56', NULL),
(2253, 75, 9, 12, 0, '2017-08-09 23:12:56', NULL),
(2254, 75, 10, 12, 0, '2017-08-09 23:12:56', NULL),
(2255, 75, 11, 12, 0, '2017-08-09 23:12:56', NULL),
(2256, 75, 12, 12, 0, '2017-08-09 23:12:56', NULL),
(2257, 75, 1, 13, 1, '2017-08-09 23:12:56', NULL),
(2258, 75, 2, 13, 0, '2017-08-09 23:12:56', NULL),
(2259, 75, 3, 13, 1, '2017-08-09 23:12:56', NULL),
(2260, 75, 4, 13, 0, '2017-08-09 23:12:56', NULL),
(2261, 75, 5, 13, 0, '2017-08-09 23:12:56', NULL),
(2262, 75, 6, 13, 0, '2017-08-09 23:12:56', NULL),
(2263, 75, 7, 13, 0, '2017-08-09 23:12:56', NULL),
(2264, 75, 8, 13, 0, '2017-08-09 23:12:56', NULL),
(2265, 75, 9, 13, 0, '2017-08-09 23:12:56', NULL),
(2266, 75, 10, 13, 0, '2017-08-09 23:12:56', NULL),
(2267, 75, 11, 13, 0, '2017-08-09 23:12:56', NULL),
(2268, 75, 12, 13, 0, '2017-08-09 23:12:56', NULL),
(2269, 76, 1, 11, 0, '2017-08-09 23:16:02', NULL),
(2270, 76, 2, 11, 0, '2017-08-09 23:16:02', NULL),
(2271, 76, 3, 11, 1, '2017-08-09 23:16:02', NULL),
(2272, 76, 4, 11, 1, '2017-08-09 23:16:02', NULL),
(2273, 76, 5, 11, 0, '2017-08-09 23:16:02', NULL),
(2274, 76, 6, 11, 0, '2017-08-09 23:16:02', NULL),
(2275, 76, 7, 11, 1, '2017-08-09 23:16:02', NULL),
(2276, 76, 8, 11, 0, '2017-08-09 23:16:02', NULL),
(2277, 76, 9, 11, 0, '2017-08-09 23:16:02', NULL),
(2278, 76, 10, 11, 0, '2017-08-09 23:16:02', NULL),
(2279, 76, 11, 11, 0, '2017-08-09 23:16:02', NULL),
(2280, 76, 12, 11, 0, '2017-08-09 23:16:02', NULL),
(2281, 76, 1, 12, 0, '2017-08-09 23:16:02', NULL),
(2282, 76, 2, 12, 0, '2017-08-09 23:16:02', NULL),
(2283, 76, 3, 12, 1, '2017-08-09 23:16:02', NULL),
(2284, 76, 4, 12, 0, '2017-08-09 23:16:02', NULL),
(2285, 76, 5, 12, 0, '2017-08-09 23:16:02', NULL),
(2286, 76, 6, 12, 0, '2017-08-09 23:16:02', NULL),
(2287, 76, 7, 12, 1, '2017-08-09 23:16:02', NULL),
(2288, 76, 8, 12, 0, '2017-08-09 23:16:02', NULL),
(2289, 76, 9, 12, 0, '2017-08-09 23:16:02', NULL),
(2290, 76, 10, 12, 0, '2017-08-09 23:16:02', NULL),
(2291, 76, 11, 12, 0, '2017-08-09 23:16:02', NULL),
(2292, 76, 12, 12, 0, '2017-08-09 23:16:02', NULL),
(2293, 76, 1, 13, 0, '2017-08-09 23:16:02', NULL),
(2294, 76, 2, 13, 0, '2017-08-09 23:16:02', NULL),
(2295, 76, 3, 13, 0, '2017-08-09 23:16:02', NULL),
(2296, 76, 4, 13, 1, '2017-08-09 23:16:02', NULL),
(2297, 76, 5, 13, 0, '2017-08-09 23:16:02', NULL),
(2298, 76, 6, 13, 1, '2017-08-09 23:16:02', NULL),
(2299, 76, 7, 13, 0, '2017-08-09 23:16:02', NULL),
(2300, 76, 8, 13, 0, '2017-08-09 23:16:02', NULL),
(2301, 76, 9, 13, 0, '2017-08-09 23:16:02', NULL),
(2302, 76, 10, 13, 0, '2017-08-09 23:16:02', NULL),
(2303, 76, 11, 13, 0, '2017-08-09 23:16:02', NULL),
(2304, 76, 12, 13, 0, '2017-08-09 23:16:02', NULL),
(2305, 78, 1, 11, 1, '2017-08-09 23:18:57', NULL),
(2306, 78, 2, 11, 0, '2017-08-09 23:18:57', NULL),
(2307, 78, 3, 11, 0, '2017-08-09 23:18:57', NULL),
(2308, 78, 4, 11, 0, '2017-08-09 23:18:57', NULL),
(2309, 78, 5, 11, 1, '2017-08-09 23:18:57', NULL),
(2310, 78, 6, 11, 0, '2017-08-09 23:18:57', NULL),
(2311, 78, 7, 11, 1, '2017-08-09 23:18:57', NULL),
(2312, 78, 8, 11, 0, '2017-08-09 23:18:57', NULL),
(2313, 78, 9, 11, 0, '2017-08-09 23:18:57', NULL),
(2314, 78, 10, 11, 0, '2017-08-09 23:18:57', NULL),
(2315, 78, 11, 11, 0, '2017-08-09 23:18:57', NULL),
(2316, 78, 12, 11, 0, '2017-08-09 23:18:57', NULL),
(2317, 78, 1, 12, 1, '2017-08-09 23:18:57', NULL),
(2318, 78, 2, 12, 0, '2017-08-09 23:18:57', NULL),
(2319, 78, 3, 12, 1, '2017-08-09 23:18:57', NULL),
(2320, 78, 4, 12, 0, '2017-08-09 23:18:57', NULL),
(2321, 78, 5, 12, 0, '2017-08-09 23:18:57', NULL),
(2322, 78, 6, 12, 0, '2017-08-09 23:18:57', NULL),
(2323, 78, 7, 12, 0, '2017-08-09 23:18:57', NULL),
(2324, 78, 8, 12, 0, '2017-08-09 23:18:57', NULL),
(2325, 78, 9, 12, 0, '2017-08-09 23:18:57', NULL),
(2326, 78, 10, 12, 0, '2017-08-09 23:18:57', NULL),
(2327, 78, 11, 12, 0, '2017-08-09 23:18:57', NULL),
(2328, 78, 12, 12, 0, '2017-08-09 23:18:57', NULL),
(2329, 78, 1, 13, 0, '2017-08-09 23:18:57', NULL),
(2330, 78, 2, 13, 0, '2017-08-09 23:18:57', NULL),
(2331, 78, 3, 13, 1, '2017-08-09 23:18:57', NULL),
(2332, 78, 4, 13, 0, '2017-08-09 23:18:57', NULL),
(2333, 78, 5, 13, 0, '2017-08-09 23:18:57', NULL),
(2334, 78, 6, 13, 0, '2017-08-09 23:18:57', NULL),
(2335, 78, 7, 13, 0, '2017-08-09 23:18:57', NULL),
(2336, 78, 8, 13, 1, '2017-08-09 23:18:57', NULL),
(2337, 78, 9, 13, 0, '2017-08-09 23:18:57', NULL),
(2338, 78, 10, 13, 0, '2017-08-09 23:18:57', NULL),
(2339, 78, 11, 13, 0, '2017-08-09 23:18:57', NULL),
(2340, 78, 12, 13, 0, '2017-08-09 23:18:57', NULL),
(2341, 80, 1, 11, 1, '2017-08-09 23:21:43', NULL),
(2342, 80, 2, 11, 0, '2017-08-09 23:21:43', NULL),
(2343, 80, 3, 11, 0, '2017-08-09 23:21:43', NULL),
(2344, 80, 4, 11, 0, '2017-08-09 23:21:43', NULL),
(2345, 80, 5, 11, 1, '2017-08-09 23:21:43', NULL),
(2346, 80, 6, 11, 0, '2017-08-09 23:21:43', NULL),
(2347, 80, 7, 11, 1, '2017-08-09 23:21:43', NULL),
(2348, 80, 8, 11, 0, '2017-08-09 23:21:43', NULL),
(2349, 80, 9, 11, 0, '2017-08-09 23:21:43', NULL),
(2350, 80, 10, 11, 0, '2017-08-09 23:21:43', NULL),
(2351, 80, 11, 11, 0, '2017-08-09 23:21:43', NULL),
(2352, 80, 12, 11, 0, '2017-08-09 23:21:43', NULL),
(2353, 80, 1, 12, 0, '2017-08-09 23:21:43', NULL),
(2354, 80, 2, 12, 1, '2017-08-09 23:21:43', NULL),
(2355, 80, 3, 12, 0, '2017-08-09 23:21:43', NULL),
(2356, 80, 4, 12, 0, '2017-08-09 23:21:43', NULL),
(2357, 80, 5, 12, 0, '2017-08-09 23:21:43', NULL),
(2358, 80, 6, 12, 0, '2017-08-09 23:21:43', NULL),
(2359, 80, 7, 12, 0, '2017-08-09 23:21:43', NULL),
(2360, 80, 8, 12, 0, '2017-08-09 23:21:43', NULL),
(2361, 80, 9, 12, 1, '2017-08-09 23:21:43', NULL),
(2362, 80, 10, 12, 0, '2017-08-09 23:21:43', NULL),
(2363, 80, 11, 12, 0, '2017-08-09 23:21:43', NULL),
(2364, 80, 12, 12, 0, '2017-08-09 23:21:43', NULL),
(2365, 80, 1, 13, 0, '2017-08-09 23:21:43', NULL),
(2366, 80, 2, 13, 0, '2017-08-09 23:21:43', NULL),
(2367, 80, 3, 13, 1, '2017-08-09 23:21:43', NULL),
(2368, 80, 4, 13, 0, '2017-08-09 23:21:43', NULL),
(2369, 80, 5, 13, 0, '2017-08-09 23:21:43', NULL),
(2370, 80, 6, 13, 0, '2017-08-09 23:21:43', NULL),
(2371, 80, 7, 13, 0, '2017-08-09 23:21:43', NULL),
(2372, 80, 8, 13, 0, '2017-08-09 23:21:43', NULL),
(2373, 80, 9, 13, 1, '2017-08-09 23:21:43', NULL),
(2374, 80, 10, 13, 0, '2017-08-09 23:21:43', NULL),
(2375, 80, 11, 13, 0, '2017-08-09 23:21:43', NULL),
(2376, 80, 12, 13, 0, '2017-08-09 23:21:43', NULL),
(2449, 85, 1, 11, 1, '2017-08-10 01:35:34', NULL),
(2450, 85, 2, 11, 0, '2017-08-10 01:35:34', NULL),
(2451, 85, 3, 11, 0, '2017-08-10 01:35:34', NULL),
(2452, 85, 4, 11, 0, '2017-08-10 01:35:34', NULL),
(2453, 85, 5, 11, 0, '2017-08-10 01:35:34', NULL),
(2454, 85, 6, 11, 0, '2017-08-10 01:35:34', NULL),
(2455, 85, 7, 11, 0, '2017-08-10 01:35:34', NULL),
(2456, 85, 8, 11, 0, '2017-08-10 01:35:34', NULL),
(2457, 85, 9, 11, 0, '2017-08-10 01:35:34', NULL),
(2458, 85, 10, 11, 0, '2017-08-10 01:35:34', NULL),
(2459, 85, 11, 11, 0, '2017-08-10 01:35:34', NULL),
(2460, 85, 12, 11, 0, '2017-08-10 01:35:34', NULL),
(2461, 85, 1, 12, 0, '2017-08-10 01:35:34', NULL),
(2462, 85, 2, 12, 0, '2017-08-10 01:35:34', NULL),
(2463, 85, 3, 12, 1, '2017-08-10 01:35:34', NULL),
(2464, 85, 4, 12, 0, '2017-08-10 01:35:34', NULL),
(2465, 85, 5, 12, 0, '2017-08-10 01:35:34', NULL),
(2466, 85, 6, 12, 0, '2017-08-10 01:35:34', NULL),
(2467, 85, 7, 12, 0, '2017-08-10 01:35:34', NULL),
(2468, 85, 8, 12, 0, '2017-08-10 01:35:34', NULL),
(2469, 85, 9, 12, 0, '2017-08-10 01:35:34', NULL),
(2470, 85, 10, 12, 0, '2017-08-10 01:35:34', NULL),
(2471, 85, 11, 12, 0, '2017-08-10 01:35:34', NULL),
(2472, 85, 12, 12, 0, '2017-08-10 01:35:34', NULL),
(2473, 85, 1, 13, 0, '2017-08-10 01:35:34', NULL),
(2474, 85, 2, 13, 0, '2017-08-10 01:35:34', NULL),
(2475, 85, 3, 13, 0, '2017-08-10 01:35:34', NULL),
(2476, 85, 4, 13, 0, '2017-08-10 01:35:34', NULL),
(2477, 85, 5, 13, 1, '2017-08-10 01:35:34', NULL),
(2478, 85, 6, 13, 0, '2017-08-10 01:35:34', NULL),
(2479, 85, 7, 13, 0, '2017-08-10 01:35:34', NULL),
(2480, 85, 8, 13, 0, '2017-08-10 01:35:34', NULL),
(2481, 85, 9, 13, 0, '2017-08-10 01:35:34', NULL),
(2482, 85, 10, 13, 0, '2017-08-10 01:35:34', NULL),
(2483, 85, 11, 13, 0, '2017-08-10 01:35:34', NULL),
(2484, 85, 12, 13, 0, '2017-08-10 01:35:34', NULL),
(2485, 86, 1, 11, 0, '2017-08-10 01:38:11', NULL),
(2486, 86, 2, 11, 0, '2017-08-10 01:38:11', NULL),
(2487, 86, 3, 11, 1, '2017-08-10 01:38:11', NULL),
(2488, 86, 4, 11, 0, '2017-08-10 01:38:11', NULL),
(2489, 86, 5, 11, 0, '2017-08-10 01:38:11', NULL),
(2490, 86, 6, 11, 0, '2017-08-10 01:38:11', NULL),
(2491, 86, 7, 11, 0, '2017-08-10 01:38:11', NULL),
(2492, 86, 8, 11, 0, '2017-08-10 01:38:11', NULL),
(2493, 86, 9, 11, 0, '2017-08-10 01:38:11', NULL),
(2494, 86, 10, 11, 0, '2017-08-10 01:38:11', NULL),
(2495, 86, 11, 11, 0, '2017-08-10 01:38:11', NULL),
(2496, 86, 12, 11, 0, '2017-08-10 01:38:11', NULL),
(2497, 86, 1, 12, 1, '2017-08-10 01:38:11', NULL),
(2498, 86, 2, 12, 0, '2017-08-10 01:38:11', NULL),
(2499, 86, 3, 12, 0, '2017-08-10 01:38:11', NULL),
(2500, 86, 4, 12, 0, '2017-08-10 01:38:11', NULL),
(2501, 86, 5, 12, 0, '2017-08-10 01:38:11', NULL),
(2502, 86, 6, 12, 0, '2017-08-10 01:38:11', NULL),
(2503, 86, 7, 12, 0, '2017-08-10 01:38:11', NULL),
(2504, 86, 8, 12, 0, '2017-08-10 01:38:11', NULL),
(2505, 86, 9, 12, 0, '2017-08-10 01:38:11', NULL),
(2506, 86, 10, 12, 0, '2017-08-10 01:38:11', NULL),
(2507, 86, 11, 12, 0, '2017-08-10 01:38:11', NULL),
(2508, 86, 12, 12, 0, '2017-08-10 01:38:11', NULL),
(2509, 86, 1, 13, 0, '2017-08-10 01:38:11', NULL),
(2510, 86, 2, 13, 0, '2017-08-10 01:38:11', NULL),
(2511, 86, 3, 13, 0, '2017-08-10 01:38:11', NULL),
(2512, 86, 4, 13, 0, '2017-08-10 01:38:11', NULL),
(2513, 86, 5, 13, 0, '2017-08-10 01:38:11', NULL),
(2514, 86, 6, 13, 0, '2017-08-10 01:38:11', NULL),
(2515, 86, 7, 13, 1, '2017-08-10 01:38:11', NULL),
(2516, 86, 8, 13, 0, '2017-08-10 01:38:11', NULL),
(2517, 86, 9, 13, 0, '2017-08-10 01:38:11', NULL),
(2518, 86, 10, 13, 0, '2017-08-10 01:38:11', NULL),
(2519, 86, 11, 13, 0, '2017-08-10 01:38:11', NULL),
(2520, 86, 12, 13, 0, '2017-08-10 01:38:11', NULL),
(2521, 87, 1, 11, 1, '2017-08-10 23:17:50', NULL),
(2522, 87, 2, 11, 0, '2017-08-10 23:17:50', NULL),
(2523, 87, 3, 11, 0, '2017-08-10 23:17:50', NULL),
(2524, 87, 4, 11, 0, '2017-08-10 23:17:50', NULL),
(2525, 87, 5, 11, 0, '2017-08-10 23:17:50', NULL),
(2526, 87, 6, 11, 0, '2017-08-10 23:17:50', NULL),
(2527, 87, 7, 11, 0, '2017-08-10 23:17:50', NULL),
(2528, 87, 8, 11, 1, '2017-08-10 23:17:50', NULL),
(2529, 87, 9, 11, 0, '2017-08-10 23:17:50', NULL),
(2530, 87, 10, 11, 0, '2017-08-10 23:17:50', NULL),
(2531, 87, 11, 11, 0, '2017-08-10 23:17:50', NULL),
(2532, 87, 12, 11, 0, '2017-08-10 23:17:50', NULL),
(2533, 87, 1, 12, 1, '2017-08-10 23:17:50', NULL),
(2534, 87, 2, 12, 0, '2017-08-10 23:17:50', NULL),
(2535, 87, 3, 12, 0, '2017-08-10 23:17:50', NULL),
(2536, 87, 4, 12, 1, '2017-08-10 23:17:50', NULL),
(2537, 87, 5, 12, 0, '2017-08-10 23:17:50', NULL),
(2538, 87, 6, 12, 0, '2017-08-10 23:17:50', NULL),
(2539, 87, 7, 12, 0, '2017-08-10 23:17:50', NULL),
(2540, 87, 8, 12, 0, '2017-08-10 23:17:50', NULL),
(2541, 87, 9, 12, 0, '2017-08-10 23:17:50', NULL),
(2542, 87, 10, 12, 0, '2017-08-10 23:17:50', NULL),
(2543, 87, 11, 12, 0, '2017-08-10 23:17:50', NULL),
(2544, 87, 12, 12, 0, '2017-08-10 23:17:50', NULL),
(2545, 87, 1, 13, 1, '2017-08-10 23:17:50', NULL),
(2546, 87, 2, 13, 0, '2017-08-10 23:17:50', NULL),
(2547, 87, 3, 13, 0, '2017-08-10 23:17:50', NULL),
(2548, 87, 4, 13, 1, '2017-08-10 23:17:50', NULL),
(2549, 87, 5, 13, 0, '2017-08-10 23:17:50', NULL),
(2550, 87, 6, 13, 0, '2017-08-10 23:17:50', NULL),
(2551, 87, 7, 13, 0, '2017-08-10 23:17:50', NULL),
(2552, 87, 8, 13, 0, '2017-08-10 23:17:50', NULL),
(2553, 87, 9, 13, 0, '2017-08-10 23:17:50', NULL),
(2554, 87, 10, 13, 0, '2017-08-10 23:17:50', NULL),
(2555, 87, 11, 13, 0, '2017-08-10 23:17:50', NULL),
(2556, 87, 12, 13, 0, '2017-08-10 23:17:50', NULL),
(2557, 89, 1, 11, 0, '2017-08-10 23:24:56', NULL),
(2558, 89, 2, 11, 0, '2017-08-10 23:24:56', NULL),
(2559, 89, 3, 11, 0, '2017-08-10 23:24:56', NULL),
(2560, 89, 4, 11, 0, '2017-08-10 23:24:56', NULL),
(2561, 89, 5, 11, 1, '2017-08-10 23:24:56', NULL),
(2562, 89, 6, 11, 0, '2017-08-10 23:24:56', NULL),
(2563, 89, 7, 11, 0, '2017-08-10 23:24:56', NULL),
(2564, 89, 8, 11, 0, '2017-08-10 23:24:56', NULL),
(2565, 89, 9, 11, 0, '2017-08-10 23:24:56', NULL),
(2566, 89, 10, 11, 0, '2017-08-10 23:24:56', NULL),
(2567, 89, 11, 11, 0, '2017-08-10 23:24:56', NULL),
(2568, 89, 12, 11, 0, '2017-08-10 23:24:56', NULL),
(2569, 89, 1, 12, 1, '2017-08-10 23:24:56', NULL),
(2570, 89, 2, 12, 0, '2017-08-10 23:24:56', NULL),
(2571, 89, 3, 12, 0, '2017-08-10 23:24:56', NULL),
(2572, 89, 4, 12, 0, '2017-08-10 23:24:56', NULL),
(2573, 89, 5, 12, 1, '2017-08-10 23:24:56', NULL),
(2574, 89, 6, 12, 0, '2017-08-10 23:24:56', NULL),
(2575, 89, 7, 12, 0, '2017-08-10 23:24:56', NULL),
(2576, 89, 8, 12, 0, '2017-08-10 23:24:56', NULL),
(2577, 89, 9, 12, 0, '2017-08-10 23:24:56', NULL),
(2578, 89, 10, 12, 0, '2017-08-10 23:24:56', NULL),
(2579, 89, 11, 12, 0, '2017-08-10 23:24:56', NULL),
(2580, 89, 12, 12, 0, '2017-08-10 23:24:56', NULL),
(2581, 89, 1, 13, 0, '2017-08-10 23:24:56', '2017-08-10 23:24:56'),
(2582, 89, 2, 13, 0, '2017-08-10 23:24:56', '2017-08-10 23:24:56'),
(2583, 89, 3, 13, 0, '2017-08-10 23:24:56', '2017-08-10 23:24:56'),
(2584, 89, 4, 13, 0, '2017-08-10 23:24:56', '2017-08-10 23:24:56'),
(2585, 89, 5, 13, 0, '2017-08-10 23:24:56', '2017-08-10 23:24:56'),
(2586, 89, 6, 13, 0, '2017-08-10 23:24:56', '2017-08-10 23:24:56'),
(2587, 89, 7, 13, 0, '2017-08-10 23:24:56', '2017-08-10 23:24:56'),
(2588, 89, 8, 13, 0, '2017-08-10 23:24:56', '2017-08-10 23:24:56'),
(2589, 89, 9, 13, 0, '2017-08-10 23:24:56', '2017-08-10 23:24:56'),
(2590, 89, 10, 13, 0, '2017-08-10 23:24:56', '2017-08-10 23:24:56'),
(2591, 89, 11, 13, 0, '2017-08-10 23:24:56', '2017-08-10 23:24:56'),
(2592, 89, 12, 13, 0, '2017-08-10 23:24:56', '2017-08-10 23:24:56'),
(2593, 91, 1, 11, 0, '2017-08-10 23:35:48', NULL),
(2594, 91, 2, 11, 0, '2017-08-10 23:35:48', NULL),
(2595, 91, 3, 11, 0, '2017-08-10 23:35:48', NULL),
(2596, 91, 4, 11, 0, '2017-08-10 23:35:48', NULL),
(2597, 91, 5, 11, 0, '2017-08-10 23:35:48', NULL),
(2598, 91, 6, 11, 0, '2017-08-10 23:35:48', NULL),
(2599, 91, 7, 11, 1, '2017-08-10 23:35:48', NULL),
(2600, 91, 8, 11, 0, '2017-08-10 23:35:48', NULL),
(2601, 91, 9, 11, 0, '2017-08-10 23:35:48', NULL),
(2602, 91, 10, 11, 0, '2017-08-10 23:35:48', NULL),
(2603, 91, 11, 11, 0, '2017-08-10 23:35:48', NULL),
(2604, 91, 12, 11, 1, '2017-08-10 23:35:48', NULL),
(2605, 91, 1, 12, 0, '2017-08-10 23:35:48', NULL),
(2606, 91, 2, 12, 0, '2017-08-10 23:35:48', NULL),
(2607, 91, 3, 12, 1, '2017-08-10 23:35:48', NULL),
(2608, 91, 4, 12, 0, '2017-08-10 23:35:48', NULL),
(2609, 91, 5, 12, 0, '2017-08-10 23:35:48', NULL),
(2610, 91, 6, 12, 1, '2017-08-10 23:35:48', NULL),
(2611, 91, 7, 12, 0, '2017-08-10 23:35:48', NULL),
(2612, 91, 8, 12, 0, '2017-08-10 23:35:48', NULL),
(2613, 91, 9, 12, 0, '2017-08-10 23:35:49', NULL),
(2614, 91, 10, 12, 0, '2017-08-10 23:35:49', NULL),
(2615, 91, 11, 12, 0, '2017-08-10 23:35:49', NULL),
(2616, 91, 12, 12, 0, '2017-08-10 23:35:49', NULL),
(2617, 91, 1, 13, 0, '2017-08-10 23:35:49', NULL),
(2618, 91, 2, 13, 0, '2017-08-10 23:35:49', NULL),
(2619, 91, 3, 13, 1, '2017-08-10 23:35:49', NULL),
(2620, 91, 4, 13, 0, '2017-08-10 23:35:49', NULL),
(2621, 91, 5, 13, 0, '2017-08-10 23:35:49', NULL),
(2622, 91, 6, 13, 0, '2017-08-10 23:35:49', NULL),
(2623, 91, 7, 13, 0, '2017-08-10 23:35:49', NULL),
(2624, 91, 8, 13, 1, '2017-08-10 23:35:49', NULL),
(2625, 91, 9, 13, 0, '2017-08-10 23:35:49', NULL),
(2626, 91, 10, 13, 0, '2017-08-10 23:35:49', NULL),
(2627, 91, 11, 13, 0, '2017-08-10 23:35:49', NULL),
(2628, 91, 12, 13, 0, '2017-08-10 23:35:49', NULL),
(2629, 92, 1, 11, 0, '2017-08-10 23:48:37', NULL),
(2630, 92, 2, 11, 1, '2017-08-10 23:48:37', NULL),
(2631, 92, 3, 11, 1, '2017-08-10 23:48:37', NULL),
(2632, 92, 4, 11, 0, '2017-08-10 23:48:37', NULL),
(2633, 92, 5, 11, 0, '2017-08-10 23:48:37', NULL),
(2634, 92, 6, 11, 0, '2017-08-10 23:48:37', NULL),
(2635, 92, 7, 11, 0, '2017-08-10 23:48:37', NULL),
(2636, 92, 8, 11, 0, '2017-08-10 23:48:37', NULL),
(2637, 92, 9, 11, 0, '2017-08-10 23:48:37', NULL),
(2638, 92, 10, 11, 0, '2017-08-10 23:48:37', NULL),
(2639, 92, 11, 11, 0, '2017-08-10 23:48:37', NULL),
(2640, 92, 12, 11, 0, '2017-08-10 23:48:37', NULL),
(2641, 92, 1, 12, 0, '2017-08-10 23:48:37', NULL),
(2642, 92, 2, 12, 1, '2017-08-10 23:48:37', NULL),
(2643, 92, 3, 12, 0, '2017-08-10 23:48:37', NULL),
(2644, 92, 4, 12, 0, '2017-08-10 23:48:37', NULL),
(2645, 92, 5, 12, 1, '2017-08-10 23:48:37', NULL),
(2646, 92, 6, 12, 0, '2017-08-10 23:48:37', NULL),
(2647, 92, 7, 12, 0, '2017-08-10 23:48:37', NULL),
(2648, 92, 8, 12, 0, '2017-08-10 23:48:37', NULL),
(2649, 92, 9, 12, 0, '2017-08-10 23:48:37', NULL);
INSERT INTO `vinculacions_ambitos` (`id`, `id_vinculacions`, `id_ambitos`, `id_tipo`, `cheked`, `created_at`, `updated_at`) VALUES
(2650, 92, 10, 12, 0, '2017-08-10 23:48:37', NULL),
(2651, 92, 11, 12, 0, '2017-08-10 23:48:37', NULL),
(2652, 92, 12, 12, 0, '2017-08-10 23:48:37', NULL),
(2653, 92, 1, 13, 0, '2017-08-10 23:48:37', NULL),
(2654, 92, 2, 13, 0, '2017-08-10 23:48:37', NULL),
(2655, 92, 3, 13, 1, '2017-08-10 23:48:37', NULL),
(2656, 92, 4, 13, 0, '2017-08-10 23:48:37', NULL),
(2657, 92, 5, 13, 0, '2017-08-10 23:48:37', NULL),
(2658, 92, 6, 13, 1, '2017-08-10 23:48:37', NULL),
(2659, 92, 7, 13, 0, '2017-08-10 23:48:37', NULL),
(2660, 92, 8, 13, 0, '2017-08-10 23:48:37', NULL),
(2661, 92, 9, 13, 0, '2017-08-10 23:48:37', NULL),
(2662, 92, 10, 13, 0, '2017-08-10 23:48:37', NULL),
(2663, 92, 11, 13, 0, '2017-08-10 23:48:37', NULL),
(2664, 92, 12, 13, 0, '2017-08-10 23:48:37', NULL),
(2665, 94, 1, 11, 0, '2017-08-11 01:51:25', NULL),
(2666, 94, 2, 11, 0, '2017-08-11 01:51:25', NULL),
(2667, 94, 3, 11, 0, '2017-08-11 01:51:25', NULL),
(2668, 94, 4, 11, 0, '2017-08-11 01:51:25', NULL),
(2669, 94, 5, 11, 0, '2017-08-11 01:51:25', NULL),
(2670, 94, 6, 11, 0, '2017-08-11 01:51:25', NULL),
(2671, 94, 7, 11, 0, '2017-08-11 01:51:25', NULL),
(2672, 94, 8, 11, 0, '2017-08-11 01:51:25', NULL),
(2673, 94, 9, 11, 1, '2017-08-11 01:51:25', NULL),
(2674, 94, 10, 11, 0, '2017-08-11 01:51:25', NULL),
(2675, 94, 11, 11, 0, '2017-08-11 01:51:25', NULL),
(2676, 94, 12, 11, 0, '2017-08-11 01:51:25', NULL),
(2677, 94, 1, 12, 0, '2017-08-11 01:51:25', NULL),
(2678, 94, 2, 12, 1, '2017-08-11 01:51:25', NULL),
(2679, 94, 3, 12, 0, '2017-08-11 01:51:25', NULL),
(2680, 94, 4, 12, 0, '2017-08-11 01:51:25', NULL),
(2681, 94, 5, 12, 0, '2017-08-11 01:51:25', NULL),
(2682, 94, 6, 12, 0, '2017-08-11 01:51:25', NULL),
(2683, 94, 7, 12, 0, '2017-08-11 01:51:25', NULL),
(2684, 94, 8, 12, 0, '2017-08-11 01:51:25', NULL),
(2685, 94, 9, 12, 0, '2017-08-11 01:51:25', NULL),
(2686, 94, 10, 12, 0, '2017-08-11 01:51:25', NULL),
(2687, 94, 11, 12, 0, '2017-08-11 01:51:25', NULL),
(2688, 94, 12, 12, 0, '2017-08-11 01:51:25', NULL),
(2689, 94, 1, 13, 0, '2017-08-11 01:51:25', '2017-08-11 01:51:25'),
(2690, 94, 2, 13, 0, '2017-08-11 01:51:25', '2017-08-11 01:51:25'),
(2691, 94, 3, 13, 0, '2017-08-11 01:51:25', '2017-08-11 01:51:25'),
(2692, 94, 4, 13, 0, '2017-08-11 01:51:25', '2017-08-11 01:51:25'),
(2693, 94, 5, 13, 0, '2017-08-11 01:51:25', '2017-08-11 01:51:25'),
(2694, 94, 6, 13, 0, '2017-08-11 01:51:25', '2017-08-11 01:51:25'),
(2695, 94, 7, 13, 0, '2017-08-11 01:51:25', '2017-08-11 01:51:25'),
(2696, 94, 8, 13, 0, '2017-08-11 01:51:25', '2017-08-11 01:51:25'),
(2697, 94, 9, 13, 0, '2017-08-11 01:51:25', '2017-08-11 01:51:25'),
(2698, 94, 10, 13, 0, '2017-08-11 01:51:25', '2017-08-11 01:51:25'),
(2699, 94, 11, 13, 0, '2017-08-11 01:51:25', '2017-08-11 01:51:25'),
(2700, 94, 12, 13, 0, '2017-08-11 01:51:25', '2017-08-11 01:51:25'),
(2701, 96, 1, 11, 1, '2017-08-11 01:58:28', NULL),
(2702, 96, 2, 11, 0, '2017-08-11 01:58:28', NULL),
(2703, 96, 3, 11, 0, '2017-08-11 01:58:28', NULL),
(2704, 96, 4, 11, 0, '2017-08-11 01:58:28', NULL),
(2705, 96, 5, 11, 0, '2017-08-11 01:58:28', NULL),
(2706, 96, 6, 11, 0, '2017-08-11 01:58:28', NULL),
(2707, 96, 7, 11, 0, '2017-08-11 01:58:28', NULL),
(2708, 96, 8, 11, 0, '2017-08-11 01:58:28', NULL),
(2709, 96, 9, 11, 0, '2017-08-11 01:58:28', NULL),
(2710, 96, 10, 11, 0, '2017-08-11 01:58:28', NULL),
(2711, 96, 11, 11, 0, '2017-08-11 01:58:28', NULL),
(2712, 96, 12, 11, 0, '2017-08-11 01:58:28', NULL),
(2713, 96, 1, 12, 1, '2017-08-11 01:58:28', NULL),
(2714, 96, 2, 12, 0, '2017-08-11 01:58:28', NULL),
(2715, 96, 3, 12, 0, '2017-08-11 01:58:28', NULL),
(2716, 96, 4, 12, 0, '2017-08-11 01:58:28', NULL),
(2717, 96, 5, 12, 0, '2017-08-11 01:58:28', NULL),
(2718, 96, 6, 12, 0, '2017-08-11 01:58:28', NULL),
(2719, 96, 7, 12, 0, '2017-08-11 01:58:28', NULL),
(2720, 96, 8, 12, 0, '2017-08-11 01:58:28', NULL),
(2721, 96, 9, 12, 0, '2017-08-11 01:58:28', NULL),
(2722, 96, 10, 12, 0, '2017-08-11 01:58:28', NULL),
(2723, 96, 11, 12, 0, '2017-08-11 01:58:28', NULL),
(2724, 96, 12, 12, 0, '2017-08-11 01:58:28', NULL),
(2725, 96, 1, 13, 1, '2017-08-11 01:58:28', NULL),
(2726, 96, 2, 13, 0, '2017-08-11 01:58:28', NULL),
(2727, 96, 3, 13, 0, '2017-08-11 01:58:28', NULL),
(2728, 96, 4, 13, 1, '2017-08-11 01:58:28', NULL),
(2729, 96, 5, 13, 0, '2017-08-11 01:58:28', NULL),
(2730, 96, 6, 13, 0, '2017-08-11 01:58:28', NULL),
(2731, 96, 7, 13, 0, '2017-08-11 01:58:28', NULL),
(2732, 96, 8, 13, 0, '2017-08-11 01:58:28', NULL),
(2733, 96, 9, 13, 0, '2017-08-11 01:58:28', NULL),
(2734, 96, 10, 13, 0, '2017-08-11 01:58:28', NULL),
(2735, 96, 11, 13, 0, '2017-08-11 01:58:28', NULL),
(2736, 96, 12, 13, 0, '2017-08-11 01:58:28', NULL);

-- --------------------------------------------------------

--
-- Structure for view `usuariosactivos`
--
DROP TABLE IF EXISTS `usuariosactivos`;

CREATE ALGORITHM=UNDEFINED DEFINER=`servidor-desarro`@`localhost` SQL SECURITY DEFINER VIEW `usuariosactivos`  AS  select `vc`.`id` AS `id_vinculacions`,`vc`.`id` AS `idV`,(case when (`cr`.`id_tooltip_carrera` < 10) then 1 when (`cr`.`id_tooltip_carrera` between 10 and 90) then 2 when (`cr`.`id_tooltip_carrera` between 100 and 500) then 3 when (`cr`.`id_tooltip_carrera` between 1000 and 6000) then 4 when (`cr`.`id_tooltip_carrera` between 10000 and 40000) then 5 when (`cr`.`id_tooltip_carrera` between 100000 and 600000) then 6 when (`cr`.`id_tooltip_carrera` between 1000000 and 5000000) then 7 when (`cr`.`id_tooltip_carrera` between 10000000 and 40000000) then 8 end) AS `subcat`,`cr`.`id_tooltip_carrera` AS `iDtooltip`,`cr`.`title` AS `nombre`,`areaslic`.`nombreArea` AS `categoria`,`areaslic`.`acronimo` AS `acronimo`,`vc`.`nombreCompleto` AS `nombreCompleto`,`st`.`descripcion` AS `status`,concat(`rl`.`respuesta1`,`rl`.`respuesta2`,`rl`.`respuesta3`) AS `gestion`,concat(`rd`.`respuesta1`,`rd`.`respuesta2`,`rd`.`respuesta3`) AS `docencia`,concat('/ver/',`vc`.`nombreCompleto`,'/',`vc`.`id`) AS `url`,`cr`.`color` AS `color`,concat('Licenciatura',' ',`cr`.`title`) AS `formAcademicLic`,`vc`.`formdeMaestria` AS `formdeMaestria`,`vc`.`formEspecialidad` AS `formEspecialidad`,`vc`.`formDoctorado` AS `formDoctorado`,`vc`.`formPostGrado` AS `formPostGrado`,`vc`.`investigacion_temas` AS `investigacion_temas`,`sf`.`descripcion` AS `sg`,`sd`.`descripcion` AS `sd`,`sb`.`descripcion` AS `si`,`vc`.`telefono` AS `telefono`,`vc`.`telefono2` AS `telefono2`,`vc`.`correo` AS `email`,`vc`.`correo2` AS `email2`,`vc`.`palabras_claves` AS `palabras_claves`,`vc`.`id_area_LIC` AS `id_area_LIC`,`vc`.`id_perfil` AS `id_perfil`,`tp`.`id_tipo` AS `id_tipo` from ((((((((((`vinculacions` `vc` join `users` on((`vc`.`id` = `users`.`id_vinculacion`))) join `degrees` `cr` on((`vc`.`formAcademicLIC` = `cr`.`id`))) join `areaslic` on((`vc`.`id_area_LIC` = `areaslic`.`id`))) join `referentials` `sf` on((`sf`.`id` = `vc`.`id_status_gestion_laboral`))) join `referentials` `sd` on((`sd`.`id` = `vc`.`id_status_form_docencia`))) join `referentials` `sb` on((`sb`.`id` = `vc`.`id_status_invest_bio`))) join `referentials` `st` on((`users`.`status` = `st`.`id`))) join `respuestas` `rl` on((`rl`.`id` = `vc`.`id_respuestas_gestion_laboral`))) join `respuestas` `rd` on((`rd`.`id` = `vc`.`id_respuestas_form_docencia`))) join `vinculacions_ambitos` `tp` on((`vc`.`id` = `tp`.`id_vinculacions`))) group by `tp`.`id_vinculacions` order by `cr`.`areasLic` ;

--
-- Indexes for dumped tables
--

--
-- Indexes for table `ambitos`
--
ALTER TABLE `ambitos`
  ADD PRIMARY KEY (`id`);

--
-- Indexes for table `areaslic`
--
ALTER TABLE `areaslic`
  ADD PRIMARY KEY (`id`);

--
-- Indexes for table `degrees`
--
ALTER TABLE `degrees`
  ADD PRIMARY KEY (`id`),
  ADD KEY `degrees_areaslic_foreign` (`areasLic`);

--
-- Indexes for table `password_resets`
--
ALTER TABLE `password_resets`
  ADD KEY `password_resets_email_index` (`email`),
  ADD KEY `password_resets_token_index` (`token`);

--
-- Indexes for table `referentials`
--
ALTER TABLE `referentials`
  ADD PRIMARY KEY (`id`),
  ADD UNIQUE KEY `referentials_descripcion_unique` (`descripcion`);

--
-- Indexes for table `registris`
--
ALTER TABLE `registris`
  ADD PRIMARY KEY (`id`),
  ADD KEY `registris_author_foreign` (`author`),
  ADD KEY `registris_addressee_foreign` (`addressee`);

--
-- Indexes for table `respuestas`
--
ALTER TABLE `respuestas`
  ADD PRIMARY KEY (`id`);

--
-- Indexes for table `users`
--
ALTER TABLE `users`
  ADD PRIMARY KEY (`id`),
  ADD UNIQUE KEY `users_email_unique` (`email`);

--
-- Indexes for table `vinculacions`
--
ALTER TABLE `vinculacions`
  ADD PRIMARY KEY (`id`),
  ADD UNIQUE KEY `vinculacions_correo_unique` (`correo`),
  ADD KEY `vinculacions_id_respuestas_gestion_laboral_foreign` (`id_respuestas_gestion_laboral`),
  ADD KEY `vinculacions_id_respuestas_form_docencia_foreign` (`id_respuestas_form_docencia`);

--
-- Indexes for table `vinculacions_ambitos`
--
ALTER TABLE `vinculacions_ambitos`
  ADD PRIMARY KEY (`id`);

--
-- AUTO_INCREMENT for dumped tables
--

--
-- AUTO_INCREMENT for table `ambitos`
--
ALTER TABLE `ambitos`
  MODIFY `id` int(10) UNSIGNED NOT NULL AUTO_INCREMENT, AUTO_INCREMENT=14;
--
-- AUTO_INCREMENT for table `areaslic`
--
ALTER TABLE `areaslic`
  MODIFY `id` int(10) UNSIGNED NOT NULL AUTO_INCREMENT, AUTO_INCREMENT=9;
--
-- AUTO_INCREMENT for table `degrees`
--
ALTER TABLE `degrees`
  MODIFY `id` int(10) UNSIGNED NOT NULL AUTO_INCREMENT, AUTO_INCREMENT=68;
--
-- AUTO_INCREMENT for table `referentials`
--
ALTER TABLE `referentials`
  MODIFY `id` int(10) UNSIGNED NOT NULL AUTO_INCREMENT, AUTO_INCREMENT=14;
--
-- AUTO_INCREMENT for table `registris`
--
ALTER TABLE `registris`
  MODIFY `id` int(10) UNSIGNED NOT NULL AUTO_INCREMENT, AUTO_INCREMENT=66;
--
-- AUTO_INCREMENT for table `respuestas`
--
ALTER TABLE `respuestas`
  MODIFY `id` int(10) UNSIGNED NOT NULL AUTO_INCREMENT, AUTO_INCREMENT=195;
--
-- AUTO_INCREMENT for table `users`
--
ALTER TABLE `users`
  MODIFY `id` int(10) UNSIGNED NOT NULL AUTO_INCREMENT, AUTO_INCREMENT=60;
--
-- AUTO_INCREMENT for table `vinculacions`
--
ALTER TABLE `vinculacions`
  MODIFY `id` int(10) UNSIGNED NOT NULL AUTO_INCREMENT, AUTO_INCREMENT=98;
--
-- AUTO_INCREMENT for table `vinculacions_ambitos`
--
ALTER TABLE `vinculacions_ambitos`
  MODIFY `id` int(10) UNSIGNED NOT NULL AUTO_INCREMENT, AUTO_INCREMENT=2737;
/*!40101 SET CHARACTER_SET_CLIENT=@OLD_CHARACTER_SET_CLIENT */;
/*!40101 SET CHARACTER_SET_RESULTS=@OLD_CHARACTER_SET_RESULTS */;
/*!40101 SET COLLATION_CONNECTION=@OLD_COLLATION_CONNECTION */;
